Folder,Image,Label,Area,Perimeter,Circularity,Aspect_Ratio,,,,,,,,,,,,,,
0,1,1,24,208.284,0.695197,116.667,,,,,,,,,0,1,1,2.86939,1.14286,0.857115
0,2,2,27,188.284,0.957074,0.714286,,,,,,,,,0,2,2,2.24958,1.35,0.76314
0,3,7,12,10,150.796,133.333,,,,,,,,,0,3,7,0.541666,2,0.8
0,4,1,9,8,176.715,1,,,,,,,,,0,4,1,0.296296,2.24999,0.0000774597
0,4,2,22,154.142,116.356,0.666667,,,,,,,,,0,4,2,1.60166,1.57143,0.830689
0,4,3,27,174.142,111.883,0.571429,,,,,,,,,0,4,3,2.33657,1.54286,0.887945
0,5,1,12,10,150.796,133.333,,,,,,,,,0,5,1,0.541666,2,0.8
0,5,5,9,8,176.715,1,,,,,,,,,0,5,5,0.296296,2.24999,0.0000774597
0,5,6,42,250.711,0.839679,128.571,,,,,,,,,0,5,6,4.14651,1.13513,0.693933
0,6,1,15,12,1.309,166.667,,,,,,,,,0,6,1,0.888888,1.875,0.904534
0,6,2,9,8,176.715,1,,,,,,,,,0,6,2,0.296296,2.24999,0.0000774597
0,6,3,9,8,176.715,1,,,,,,,,,0,6,3,0.296296,2.24999,0.0000774597
0,6,4,45,222.426,114.301,1,,,,,,,,,0,6,4,4.08061,1.32353,0.416707
0,7,1,25,176.569,100.768,1,,,,,,,,,0,7,1,2.1666,1.31579,0.779332
0,7,2,40,214.142,109.614,0.857143,,,,,,,,,0,7,2,3.42605,1.37931,0.573015
0,7,3,44,228.284,106.099,1,,,,,,,,,0,7,3,3.93046,1.31343,0.588784
1,1,3,6,6,209.439,1.5,,,,,,,,,1,1,3,0.138889,2.99999,1
1,2,1,9,8,176.715,1,,,,,,,,,1,2,1,0.296296,2.24999,0.0000774597
1,2,4,45,234.142,103.149,1,,,,,,,,,1,2,4,4.0301,1.32353,0.476544
1,2,5,6,6,209.439,1.5,,,,,,,,,1,2,5,0.138889,2.99999,1
1,3,1,12,10,150.796,133.333,,,,,,,,,1,3,1,0.541666,2,0.8
1,3,2,9,8,176.715,1,,,,,,,,,1,3,2,0.296296,2.24999,0.0000774597
1,3,3,45,236.569,101.044,1.5,,,,,,,,,1,3,3,4.69869,1.28571,0.814332
1,3,7,28,182.426,105.729,1,,,,,,,,,1,3,7,2.31633,1.33333,0.653387
1,3,8,27,194.142,0.90019,0.714286,,,,,,,,,1,3,8,2.48416,1.35,0.811175
1,3,9,6,6,209.439,0.666667,,,,,,,,,1,3,9,0.138889,2.99999,1
1,3,10,15,12,1.309,0.6,,,,,,,,,1,3,10,0.888888,1.875,0.904534
1,3,11,21,16,103.084,233.333,,,,,,,,,1,3,11,1.90476,1.75,0.964486
1,4,3,12,10,150.796,133.333,,,,,,,,,1,4,3,0.541666,2,0.8
1,5,1,9,8,176.715,1,,,,,,,,,1,5,1,0.296296,2.24999,0.0000774597
1,5,5,39,214.142,106.874,0.857143,,,,,,,,,1,5,5,3.31378,1.36842,0.552179
1,5,6,12,10,150.796,133.333,,,,,,,,,1,5,6,0.541666,2,0.8
1,6,1,10,10,125.664,0.4,,,,,,,,,1,6,1,0.566666,2.49999,1
1,6,5,15,114.142,14.468,1,,,,,,,,,1,6,5,0.800217,1.7647,0.449734
1,6,6,15,12,1.309,166.667,,,,,,,,,1,6,6,0.888888,1.875,0.904534
2,1,1,16,12,139.626,1,,,,,,,,,2,1,1,0.843749,1.77778,0.0000538587
2,1,2,9,8,176.715,1,,,,,,,,,2,1,2,0.296296,2.24999,0.0000774597
2,1,3,18,14,115.405,0.5,,,,,,,,,2,1,3,1.34259,1.8,0.944749
2,1,4,12,10,150.796,0.75,,,,,,,,,2,1,4,0.541666,2,0.8
2,1,5,11,941.421,155.968,0.75,,,,,,,,,2,1,5,0.496326,2,0.785416
2,2,1,24,182.426,0.906245,0.714286,,,,,,,,,2,2,1,2.28552,1.2973,0.855662
2,2,2,9,8,176.715,1,,,,,,,,,2,2,2,0.296296,2.24999,0.0000774597
2,2,3,12,10,150.796,133.333,,,,,,,,,2,2,3,0.541666,2,0.8
2,2,4,9,8,176.715,1,,,,,,,,,2,2,4,0.296296,2.24999,0.0000774597
2,2,5,9,8,176.715,1,,,,,,,,,2,2,5,0.296296,2.24999,0.0000774597
2,3,1,91,392.132,0.743681,0.857143,,,,,,,,,2,3,1,12.0531,1.05202,0.837795
2,3,2,36,216.569,0.964543,0.75,,,,,,,,,2,3,2,3.27568,1.30909,0.667844
2,3,3,22,156.569,112.778,0.833333,,,,,,,,,2,3,3,1.81493,1.46667,0.841497
2,4,1,9,8,176.715,1,,,,,,,,,2,4,1,0.296296,2.24999,0.0000774597
2,4,2,58,270.711,0.994551,0.888889,,,,,,,,,2,4,2,5.92121,1.22105,0.57214
2,4,3,9,8,176.715,1,,,,,,,,,2,4,3,0.296296,2.24999,0.0000774597
2,4,4,9,8,176.715,1,,,,,,,,,2,4,4,0.296296,2.24999,0.0000774597
2,4,5,6,6,209.439,0.666667,,,,,,,,,2,4,5,0.138889,2.99999,1
2,5,1,45,222.426,114.301,1,,,,,,,,,2,5,1,4.10578,1.34328,0.354
2,5,2,12,10,150.796,0.75,,,,,,,,,2,5,2,0.541666,2,0.8
2,5,3,18,134.142,125.705,0.8,,,,,,,,,2,5,3,1.11478,1.63636,0.729903
2,5,4,9,8,176.715,1,,,,,,,,,2,5,4,0.296296,2.24999,0.0000774597
2,5,5,9,8,176.715,1,,,,,,,,,2,5,5,0.296296,2.24999,0.0000774597
2,5,6,26,168.284,115.371,1.2,,,,,,,,,2,5,6,2.01439,1.48571,0.716837
2,5,7,43,222.426,109.221,1,,,,,,,,,2,5,7,3.90872,1.32308,0.626488
2,6,1,12,10,150.796,133.333,,,,,,,,,2,6,1,0.541666,2,0.8
2,6,2,12,10,150.796,0.75,,,,,,,,,2,6,2,0.541666,2,0.8
2,6,3,44,224.853,109.362,114.286,,,,,,,,,2,6,3,4.18105,1.27536,0.629775
2,6,4,6,6,209.439,0.666667,,,,,,,,,2,6,4,0.138889,2.99999,1
2,6,5,31,188.284,109.886,0.714286,,,,,,,,,2,6,5,2.64653,1.40909,0.785018
2,6,6,15,12,1.309,0.6,,,,,,,,,2,6,6,0.888888,1.875,0.904534
2,6,7,18,134.142,125.705,0.8,,,,,,,,,2,6,7,1.11478,1.63636,0.729903
3,1,4,15,12,1.309,0.6,,,,,,,,,3,1,4,0.888888,1.875,0.904534
3,1,5,9,8,176.715,1,,,,,,,,,3,1,5,0.296296,2.24999,0.0000774597
3,1,6,9,8,176.715,1,,,,,,,,,3,1,6,0.296296,2.24999,0.0000774597
3,1,7,22,162.426,10.479,0.833333,,,,,,,,,3,1,7,1.72007,1.375,0.771139
3,1,8,21,188.284,0.744391,1,,,,,,,,,3,1,8,2.20599,1.2,0.838549
3,1,9,32,188.284,113.431,0.714286,,,,,,,,,3,1,9,2.69283,1.42222,0.759197
3,1,10,6,6,209.439,1.5,,,,,,,,,3,1,10,0.138889,2.99999,1
3,2,1,9,8,176.715,1,,,,,,,,,3,2,1,0.296296,2.24999,0.0000774597
3,2,2,17,148.284,0.971558,1,,,,,,,,,3,2,2,1.27451,1.41667,0.832993
3,2,4,53,276.569,0.870723,142.857,,,,,,,,,3,2,4,5.87311,1.17778,0.784981
3,2,5,9,8,176.715,1,,,,,,,,,3,2,5,0.296296,2.24999,0.0000774597
3,2,6,28,182.426,105.729,0.714286,,,,,,,,,3,2,6,2.29756,1.4,0.730354
3,3,1,104,420.416,0.739408,115.385,,,,,,,,,3,3,1,16.8837,1.07216,0.906136
3,3,2,17,128.284,129.811,0.8,,,,,,,,,3,3,2,1.07647,1.61905,0.772038
3,3,4,9,8,176.715,1,,,,,,,,,3,3,4,0.296296,2.24999,0.0000774597
3,3,5,9,8,176.715,1,,,,,,,,,3,3,5,0.296296,2.24999,0.0000774597
3,3,6,44,228.284,106.099,1,,,,,,,,,3,3,6,3.93046,1.31343,0.588784
3,4,1,9,8,176.715,1,,,,,,,,,3,4,1,0.296296,2.24999,0.0000774597
3,4,2,59,253.137,115.705,1.125,,,,,,,,,3,4,2,6.05322,1.24211,0.499912
3,4,4,9,8,176.715,1,,,,,,,,,3,4,4,0.296296,2.24999,0.0000774597
3,4,5,12,10,150.796,0.75,,,,,,,,,3,4,5,0.541666,2,0.8
3,4,6,9,8,176.715,1,,,,,,,,,3,4,6,0.296296,2.24999,0.0000774597
3,4,7,35,210.711,0.990615,1,,,,,,,,,3,4,7,3.26275,1.25,0.669387
3,4,8,9,8,176.715,1,,,,,,,,,3,4,8,0.296296,2.24999,0.0000774597
3,4,9,11,941.421,155.968,133.333,,,,,,,,,3,4,9,0.496326,2,0.785416
3,5,1,21,154.142,111.067,1.5,,,,,,,,,3,5,1,1.57725,1.55555,0.853232
3,5,2,61,270.711,104.599,0.888889,,,,,,,,,3,5,2,6.12011,1.22,0.537234
3,5,3,9,8,176.715,1,,,,,,,,,3,5,3,0.296296,2.24999,0.0000774597
3,5,5,27,222.426,0.685805,0.75,,,,,,,,,3,5,5,3.48752,1.10204,0.867377
3,5,6,26,168.284,115.371,0.571429,,,,,,,,,3,5,6,2.26602,1.52941,0.880819
3,5,7,12,10,150.796,133.333,,,,,,,,,3,5,7,0.541666,2,0.8
3,6,1,18,134.142,125.705,1.25,,,,,,,,,3,6,1,1.11478,1.63636,0.729902
3,6,2,12,10,150.796,133.333,,,,,,,,,3,6,2,0.541666,2,0.8
3,6,3,9,8,176.715,1,,,,,,,,,3,6,3,0.296296,2.24999,0.0000774597
3,6,4,64,307.279,0.851772,1,,,,,,,,,3,6,4,6.88379,1.12281,0.693808
3,6,6,21,154.142,111.067,0.666667,,,,,,,,,3,6,6,1.57725,1.55555,0.853232
3,6,7,27,174.142,111.883,0.571429,,,,,,,,,3,6,7,2.33657,1.54286,0.887945
3,6,8,34,194.142,113.357,1,,,,,,,,,3,6,8,2.71259,1.41667,0.435379
3,6,9,14,108.284,15.004,1,,,,,,,,,3,6,9,0.761904,1.75,0.652328
3,6,10,9,8,176.715,1,,,,,,,,,3,6,10,0.296296,2.24999,0.0000774597
4,1,1,91,490.711,0.474898,154.545,,,,,,,,,4,1,1,19.2797,0.870813,0.915523
4,1,2,11,941.421,155.968,133.333,,,,,,,,,4,1,2,0.496326,2,0.785415
4,1,3,60,284.853,0.929223,1,,,,,,,,,4,1,3,6.34685,1.25,0.645527
4,1,4,20,154.142,105.778,233.333,,,,,,,,,4,1,4,1.80012,1.73913,0.959386
4,1,5,35,194.142,116.691,1,,,,,,,,,4,1,5,2.83774,1.42857,0.337673
4,1,6,78,330.711,0.896206,0.666667,,,,,,,,,4,1,6,9.96318,1.2,0.867062
4,1,7,15,114.142,14.468,1,,,,,,,,,4,1,7,0.800217,1.7647,0.449734
4,1,8,67,313.137,0.858649,1,,,,,,,,,4,1,8,8.54643,1.18584,0.86893
4,1,9,45,288.284,0.680425,0.545455,,,,,,,,,4,1,9,6.30667,1.13924,0.91253
4,1,10,12,10,150.796,133.333,,,,,,,,,4,1,10,0.541666,2,0.8
4,1,11,105,406.274,0.799394,107.692,,,,,,,,,4,1,11,15.5362,1.11702,0.88725
4,1,12,26,208.284,0.753131,116.667,,,,,,,,,4,1,12,2.80513,1.18182,0.825441
4,1,13,9,8,176.715,1,,,,,,,,,4,1,13,0.296296,2.24999,0.0000774597
4,1,14,165,653.553,0.485436,1,,,,,,,,,4,1,14,38.57,0.854922,0.918343
4,1,15,9,8,176.715,1,,,,,,,,,4,1,15,0.296296,2.24999,0.0000774597
4,1,16,15,12,1.309,0.6,,,,,,,,,4,1,16,0.888888,1.875,0.904534
4,1,17,15,12,1.309,166.667,,,,,,,,,4,1,17,0.888888,1.875,0.904534
4,1,18,32,182.426,120.833,1,,,,,,,,,4,1,18,2.59633,1.3913,0.471459
4,1,19,12,10,150.796,133.333,,,,,,,,,4,1,19,0.541666,2,0.8
4,1,20,52,236.569,116.761,0.875,,,,,,,,,4,1,20,5.05769,1.3,0.521346
4,1,21,117,440.416,0.758,0.933333,,,,,,,,,4,1,21,16.051,1.06849,0.852612
4,1,22,24,202.426,0.736015,116.667,,,,,,,,,4,1,22,2.66932,1.14286,0.829319
4,1,23,38,202.426,116.536,0.857143,,,,,,,,,4,1,23,3.31613,1.35714,0.611434
4,1,24,9,8,176.715,1,,,,,,,,,4,1,24,0.296296,2.24999,0.0000774597
4,1,25,12,10,150.796,133.333,,,,,,,,,4,1,25,0.541666,2,0.8
4,1,26,9,8,176.715,1,,,,,,,,,4,1,26,0.296296,2.24999,0.0000774597
4,1,27,9,8,176.715,1,,,,,,,,,4,1,27,0.296296,2.24999,0.0000774597
4,1,28,28,188.284,0.992521,2,,,,,,,,,4,1,28,2.76979,1.47368,0.916931
4,1,29,24,174.142,0.99452,0.571429,,,,,,,,,4,1,29,2.17824,1.5,0.91013
4,1,30,9,8,176.715,1,,,,,,,,,4,1,30,0.296296,2.24999,0.0000774597
4,1,31,9,8,176.715,1,,,,,,,,,4,1,31,0.296296,2.24999,0.0000774597
4,1,32,9,8,176.715,1,,,,,,,,,4,1,32,0.296296,2.24999,0.0000774597
4,1,33,25,168.284,110.934,1.75,,,,,,,,,4,1,33,2.12493,1.51515,0.876391
4,1,34,18,14,115.405,2,,,,,,,,,4,1,34,1.34259,1.8,0.944749
4,1,37,12,10,150.796,133.333,,,,,,,,,4,1,37,0.541666,2,0.8
4,1,38,12,10,150.796,0.75,,,,,,,,,4,1,38,0.541666,2,0.8
4,1,39,32,208.284,0.92693,116.667,,,,,,,,,4,1,39,2.8793,1.28,0.633769
4,1,40,26,162.426,123.843,1.2,,,,,,,,,4,1,40,2.01129,1.48571,0.624797
4,1,41,12,10,150.796,133.333,,,,,,,,,4,1,41,0.541666,2,0.8
4,1,42,34,208.284,0.984863,0.857143,,,,,,,,,4,1,42,2.88946,1.30769,0.625343
4,1,43,99,41.799,0.712055,0.6875,,,,,,,,,4,1,43,16.5783,1.13143,0.934461
4,1,44,15,12,1.309,0.6,,,,,,,,,4,1,44,0.888888,1.875,0.904534
4,1,45,12,10,150.796,0.75,,,,,,,,,4,1,45,0.541666,2,0.8
4,1,46,33,196.569,107.324,0.625,,,,,,,,,4,1,46,3.03543,1.375,0.826841
4,1,47,15,12,1.309,0.6,,,,,,,,,4,1,47,0.888888,1.875,0.904534
4,1,48,39,242.426,0.833901,0.875,,,,,,,,,4,1,48,3.67943,1.16418,0.642826
4,1,49,9,8,176.715,1,,,,,,,,,4,1,49,0.296296,2.24999,0.0000774597
4,1,50,43,222.426,109.221,133.333,,,,,,,,,4,1,50,4.0887,1.34375,0.734563
4,1,51,15,12,1.309,0.6,,,,,,,,,4,1,51,0.888888,1.875,0.904534
4,1,52,18,14,115.405,2,,,,,,,,,4,1,52,1.34259,1.8,0.944749
4,1,53,79,347.279,0.823151,1,,,,,,,,,4,1,53,9.28011,1.13669,0.790591
4,1,54,28,168.284,124.246,0.833333,,,,,,,,,4,1,54,2.16082,1.47368,0.616269
4,1,55,9,8,176.715,1,,,,,,,,,4,1,55,0.296296,2.24999,0.0000774597
4,1,56,48,322.426,0.580216,111.111,,,,,,,,,4,1,56,7.50354,0.979592,0.756276
4,1,57,9,8,176.715,1,,,,,,,,,4,1,57,0.296296,2.24999,0.0000774597
4,1,58,63,284.853,0.975684,0.8,,,,,,,,,4,1,58,6.58716,1.18868,0.695293
4,1,59,15,12,1.309,166.667,,,,,,,,,4,1,59,0.888888,1.875,0.904534
4,1,60,9,8,176.715,1,,,,,,,,,4,1,60,0.296296,2.24999,0.0000774597
4,1,61,59,342.426,0.632306,0.666667,,,,,,,,,4,1,61,9.80363,1.02609,0.880715
4,1,62,151,585.269,0.553956,123.529,,,,,,,,,4,1,62,38.4067,1.01003,0.956336
4,1,63,36,20,113.097,1,,,,,,,,,4,1,63,2.89352,1.44,0.0000332142
4,1,64,40,236.569,0.898164,1.5,,,,,,,,,4,1,64,4.07765,1.23077,0.785588
4,1,65,29,174.142,120.171,0.833333,,,,,,,,,4,1,65,2.22227,1.48718,0.63289
4,1,66,15,12,1.309,0.6,,,,,,,,,4,1,66,0.888888,1.875,0.904534
4,1,67,22,148.284,125.731,1.5,,,,,,,,,4,1,67,1.6471,1.57143,0.814365
4,1,68,32,202.426,0.981354,0.857143,,,,,,,,,4,1,68,2.99277,1.33333,0.78167
4,1,69,32,202.426,0.981354,116.667,,,,,,,,,4,1,69,2.69214,1.28,0.557887
4,1,70,37,228.284,0.892195,1,,,,,,,,,4,1,70,3.31231,1.23333,0.512075
4,1,71,12,10,150.796,133.333,,,,,,,,,4,1,71,0.541666,2,0.8
4,1,72,39,216.569,104.492,133.333,,,,,,,,,4,1,72,3.62085,1.3,0.722173
4,1,73,29,188.284,102.797,1,,,,,,,,,4,1,73,2.39852,1.34884,0.697877
4,1,74,60,329.706,0.693599,0.833333,,,,,,,,,4,1,74,10.51,1.17647,0.954669
4,1,75,8,8,15.708,0.5,,,,,,,,,4,1,75,0.3125,2.66666,1
4,1,76,75,330.711,0.861737,185.714,,,,,,,,,4,1,76,9.85007,1.1811,0.891563
4,1,77,18,134.142,125.705,0.8,,,,,,,,,4,1,77,1.11478,1.63636,0.729903
4,1,78,78,387.279,0.653516,0.714286,,,,,,,,,4,1,78,13.9355,1.10638,0.952839
4,1,79,110,455.563,0.666047,0.647059,,,,,,,,,4,1,79,18.1669,1.04265,0.916874
4,1,80,34,194.142,113.357,0.714286,,,,,,,,,4,1,80,2.90867,1.44681,0.772059
4,1,81,29,188.284,102.797,1.4,,,,,,,,,4,1,81,2.56806,1.38095,0.847723
4,1,82,15,12,1.309,166.667,,,,,,,,,4,1,82,0.888888,1.875,0.904534
4,1,83,20,14,128.228,0.8,,,,,,,,,4,1,83,1.25,1.66667,0.701269
4,1,84,9,8,176.715,1,,,,,,,,,4,1,84,0.296296,2.24999,0.0000774597
4,1,85,39,250.711,0.779702,0.777778,,,,,,,,,4,1,85,4.37593,1.09859,0.769619
4,1,86,27,182.426,101.953,1,,,,,,,,,4,1,86,2.31611,1.35,0.78352
4,1,87,58,282.426,0.91375,0.545455,,,,,,,,,4,1,87,6.94624,1.26087,0.885515
4,1,88,48,244.853,10.061,1,,,,,,,,,4,1,88,4.79525,1.26316,0.63085
4,1,89,26,176.569,104.799,1,,,,,,,,,4,1,89,2.10897,1.3,0.715282
4,1,90,33,194.142,110.023,0.714286,,,,,,,,,4,1,90,2.74841,1.43478,0.759871
4,1,91,33,242.426,0.705609,0.875,,,,,,,,,4,1,91,3.98575,1.08197,0.791276
4,1,92,52,276.569,0.854295,1.125,,,,,,,,,4,1,92,5.51162,1.14286,0.571178
4,1,93,12,10,150.796,0.75,,,,,,,,,4,1,93,0.541666,2,0.8
4,1,94,6,6,209.439,0.666667,,,,,,,,,4,1,94,0.138889,2.99999,1
4,1,95,40,230.711,0.944353,0.666667,,,,,,,,,4,1,95,3.90075,1.25,0.816721
4,1,96,12,10,150.796,0.75,,,,,,,,,4,1,96,0.541666,2,0.8
4,1,97,9,8,176.715,1,,,,,,,,,4,1,97,0.296296,2.24999,0.0000774597
4,1,98,19,134.142,132.688,1.25,,,,,,,,,4,1,98,1.19921,1.65217,0.696279
4,1,99,9,8,176.715,1,,,,,,,,,4,1,99,0.296296,2.24999,0.0000774597
4,1,100,24,174.142,0.99452,0.833333,,,,,,,,,4,1,100,1.87747,1.41176,0.719413
4,1,101,18,134.142,125.705,0.8,,,,,,,,,4,1,101,1.11478,1.63636,0.729903
4,1,102,15,12,1.309,166.667,,,,,,,,,4,1,102,0.888888,1.875,0.904534
4,1,103,49,248.284,0.998867,114.286,,,,,,,,,4,1,103,4.71189,1.30667,0.686373
4,1,104,9,8,176.715,1,,,,,,,,,4,1,104,0.296296,2.24999,0.0000774597
4,1,105,6,6,209.439,0.666667,,,,,,,,,4,1,105,0.138889,2.99999,1
4,1,106,54,276.569,0.887152,0.888889,,,,,,,,,4,1,106,5.27205,1.17391,0.653213
4,1,107,6,6,209.439,1.5,,,,,,,,,4,1,107,0.138889,2.99999,1
4,1,108,6,6,209.439,1.5,,,,,,,,,4,1,108,0.138889,2.99999,1
4,1,109,6,6,209.439,1.5,,,,,,,,,4,1,109,0.138889,2.99999,1
4,2,1,12,10,150.796,133.333,,,,,,,,,4,2,1,0.541666,2,0.8
4,2,2,6,6,209.439,1.5,,,,,,,,,4,2,2,0.138889,2.99999,1
4,2,3,12,10,150.796,133.333,,,,,,,,,4,2,3,0.541666,2,0.8
4,2,4,29,208.284,0.84003,116.667,,,,,,,,,4,2,4,2.90996,1.23404,0.744955
4,2,5,9,8,176.715,1,,,,,,,,,4,2,5,0.296296,2.24999,0.0000774597
4,2,6,31,176.569,124.952,1,,,,,,,,,4,2,6,2.55197,1.40909,0.144937
4,2,7,21,16,103.084,0.428571,,,,,,,,,4,2,7,1.90476,1.75,0.964486
4,2,8,28,18,108.598,1.75,,,,,,,,,4,2,8,2.41071,1.55555,0.895148
4,2,9,19,134.142,132.688,1.25,,,,,,,,,4,2,9,1.19921,1.65217,0.696279
4,2,10,40,224.853,0.994199,114.286,,,,,,,,,4,2,10,3.76468,1.23077,0.606337
4,2,11,9,8,176.715,1,,,,,,,,,4,2,11,0.296296,2.24999,0.0000774597
4,2,12,21,16,103.084,0.428571,,,,,,,,,4,2,12,1.90476,1.75,0.964486
4,2,13,12,10,150.796,0.75,,,,,,,,,4,2,13,0.541666,2,0.8
4,2,14,41,248.284,0.835786,0.875,,,,,,,,,4,2,14,3.99446,1.18841,0.624467
4,2,15,9,8,176.715,1,,,,,,,,,4,2,15,0.296296,2.24999,0.0000774597
4,2,16,12,10,150.796,133.333,,,,,,,,,4,2,16,0.541666,2,0.8
4,2,17,20,14,128.228,1.25,,,,,,,,,4,2,17,1.25,1.66667,0.701269
4,2,18,30,18,116.355,1.2,,,,,,,,,4,2,18,2.27778,1.5,0.634099
4,2,19,73,367.279,0.680049,155.556,,,,,,,,,4,2,19,9.60261,1.02817,0.819826
4,2,20,16,12,139.626,1,,,,,,,,,4,2,20,0.843749,1.77778,0.0000538587
4,2,21,30,222.426,0.762006,1,,,,,,,,,4,2,21,3.31536,1.13208,0.811682
4,2,22,15,114.142,14.468,1,,,,,,,,,4,2,22,0.800217,1.7647,0.449734
4,2,23,12,10,150.796,133.333,,,,,,,,,4,2,23,0.541666,2,0.8
4,2,24,9,8,176.715,1,,,,,,,,,4,2,24,0.296296,2.24999,0.0000774597
4,2,25,9,8,176.715,1,,,,,,,,,4,2,25,0.296296,2.24999,0.0000774597
4,2,27,20,14,128.228,1.25,,,,,,,,,4,2,27,1.25,1.66667,0.701269
4,2,28,15,12,1.309,166.667,,,,,,,,,4,2,28,0.888888,1.875,0.904534
4,2,29,15,12,1.309,166.667,,,,,,,,,4,2,29,0.888888,1.875,0.904534
4,2,30,15,12,1.309,166.667,,,,,,,,,4,2,30,0.888888,1.875,0.904534
4,2,31,8,8,15.708,0.5,,,,,,,,,4,2,31,0.3125,2.66666,1
4,2,32,18,128.284,137.447,0.8,,,,,,,,,4,2,32,1.1459,1.63636,0.672944
4,2,33,66,327.279,0.774314,0.75,,,,,,,,,4,2,33,8.37614,1.13793,0.869472
4,2,34,26,162.426,123.843,1.2,,,,,,,,,4,2,34,2.01129,1.48571,0.624797
4,2,35,9,8,176.715,1,,,,,,,,,4,2,35,0.296296,2.24999,0.0000774597
4,2,36,20,14,128.228,1.25,,,,,,,,,4,2,36,1.25,1.66667,0.701269
4,2,37,12,10,150.796,133.333,,,,,,,,,4,2,37,0.541666,2,0.8
4,2,38,40,248.284,0.815401,114.286,,,,,,,,,4,2,38,4.27922,1.17647,0.65742
4,2,39,9,8,176.715,1,,,,,,,,,4,2,39,0.296296,2.24999,0.0000774597
4,2,40,23,168.284,102.059,0.571429,,,,,,,,,4,2,40,2.12526,1.48387,0.90975
4,2,41,23,154.142,121.645,1.5,,,,,,,,,4,2,41,1.70923,1.58621,0.825816
4,2,42,47,248.284,0.958097,0.875,,,,,,,,,4,2,42,4.57961,1.25333,0.656001
4,2,43,30,182.426,113.281,1.4,,,,,,,,,4,2,43,2.53663,1.42857,0.772309
4,2,44,76,341.421,0.819298,1,,,,,,,,,4,2,44,10.6534,1.16923,0.896106
4,2,45,18,128.284,137.447,0.8,,,,,,,,,4,2,45,1.1459,1.63636,0.672944
4,2,46,26,168.284,115.371,0.571429,,,,,,,,,4,2,46,2.26602,1.52941,0.880819
4,3,1,16,128.284,122.175,2,,,,,,,,,4,3,1,1.1792,1.77778,0.929898
4,3,2,21,16,103.084,0.428571,,,,,,,,,4,3,2,1.90476,1.75,0.964486
4,3,3,19,134.142,132.688,0.8,,,,,,,,,4,3,3,1.19921,1.65217,0.696279
4,3,4,9,8,176.715,1,,,,,,,,,4,3,4,0.296296,2.24999,0.0000774597
4,3,5,21,188.284,0.744391,1,,,,,,,,,4,3,5,2.20599,1.2,0.838548
4,3,6,29,182.426,109.505,1,,,,,,,,,4,3,6,2.30587,1.38095,0.398706
4,3,7,33,222.426,0.838207,1,,,,,,,,,4,3,7,3.35193,1.17857,0.71166
4,3,8,40,282.426,0.630172,1.125,,,,,,,,,4,3,8,5.93565,1.02564,0.839191
4,3,9,72,330.711,0.827267,122.222,,,,,,,,,4,3,9,7.68936,1.10769,0.672363
4,3,10,15,114.142,14.468,1,,,,,,,,,4,3,10,0.800217,1.7647,0.449734
4,3,11,12,10,150.796,0.75,,,,,,,,,4,3,11,0.541666,2,0.8
4,3,12,18,134.142,125.705,1.25,,,,,,,,,4,3,12,1.11478,1.63636,0.729903
4,3,13,23,154.142,121.645,0.666667,,,,,,,,,4,3,13,1.70923,1.58621,0.825816
4,3,14,28,222.426,0.711206,1,,,,,,,,,4,3,14,3.17105,1.09804,0.790295
4,3,15,9,8,176.715,1,,,,,,,,,4,3,15,0.296296,2.24999,0.0000774597
4,3,16,32,216.569,0.857372,0.75,,,,,,,,,4,3,16,3.38728,1.18518,0.84197
4,3,17,72,327.279,0.844706,0.909091,,,,,,,,,4,3,17,8.88179,1.17073,0.824512
4,3,18,28,182.426,105.729,1,,,,,,,,,4,3,18,2.31633,1.33333,0.653386
4,3,19,19,134.142,132.688,1.25,,,,,,,,,4,3,19,1.19921,1.65217,0.696279
4,3,20,48,244.853,10.061,1,,,,,,,,,4,3,20,4.66342,1.24675,0.645609
4,3,21,9,8,176.715,1,,,,,,,,,4,3,21,0.296296,2.24999,0.0000774597
4,3,22,33,188.284,116.976,1.4,,,,,,,,,4,3,22,2.84848,1.43478,0.77008
4,3,23,9,8,176.715,1,,,,,,,,,4,3,23,0.296296,2.24999,0.0000774597
4,3,24,15,114.142,14.468,1,,,,,,,,,4,3,24,0.800217,1.7647,0.449734
4,3,25,23,154.142,121.645,1.5,,,,,,,,,4,3,25,1.70923,1.58621,0.825816
4,3,26,17,128.284,129.811,0.8,,,,,,,,,4,3,26,1.07647,1.61905,0.772038
4,3,27,23,168.284,102.059,1.75,,,,,,,,,4,3,27,2.12526,1.48387,0.90975
4,3,28,33,242.426,0.705609,114.286,,,,,,,,,4,3,28,3.56397,1.08197,0.743906
4,3,29,63,295.563,0.906252,1,,,,,,,,,4,3,29,7.83043,1.2,0.859896
4,3,30,62,307.279,0.825154,1,,,,,,,,,4,3,30,6.59271,1.07826,0.161469
4,3,31,12,10,150.796,133.333,,,,,,,,,4,3,31,0.541666,2,0.8
4,3,32,12,10,150.796,133.333,,,,,,,,,4,3,32,0.541666,2,0.8
4,4,1,15,12,1.309,166.667,,,,,,,,,4,4,1,0.888888,1.875,0.904534
4,4,2,9,8,176.715,1,,,,,,,,,4,4,2,0.296296,2.24999,0.0000774597
4,4,3,34,194.142,113.357,1,,,,,,,,,4,4,3,2.71259,1.41667,0.435379
4,4,4,55,264.853,0.985288,0.888889,,,,,,,,,4,4,4,5.52894,1.19565,0.508017
4,4,5,19,134.142,132.688,0.8,,,,,,,,,4,4,5,1.19921,1.65217,0.696279
4,4,6,36,20,113.097,1,,,,,,,,,4,4,6,2.89352,1.44,0.0000332142
4,4,7,31,188.284,109.886,1.4,,,,,,,,,4,4,7,2.52773,1.40909,0.739258
4,4,8,15,12,1.309,0.6,,,,,,,,,4,4,8,0.888888,1.875,0.904534
4,4,9,18,14,115.405,0.5,,,,,,,,,4,4,9,1.34259,1.8,0.944749
4,4,10,30,182.426,113.281,1,,,,,,,,,4,4,10,2.45452,1.39535,0.712255
4,4,11,15,12,1.309,166.667,,,,,,,,,4,4,11,0.888888,1.875,0.904534
4,4,12,12,10,150.796,0.75,,,,,,,,,4,4,12,0.541666,2,0.8
4,4,13,34,196.569,110.576,0.857143,,,,,,,,,4,4,13,2.98992,1.33333,0.63556
4,4,14,30,182.426,113.281,1,,,,,,,,,4,4,14,2.49905,1.46341,0.635545
4,4,15,16,12,139.626,1,,,,,,,,,4,4,15,0.843749,1.77778,0.0000538587
4,4,16,15,12,1.309,166.667,,,,,,,,,4,4,16,0.888888,1.875,0.904534
4,4,17,15,12,1.309,0.6,,,,,,,,,4,4,17,0.888888,1.875,0.904534
4,4,18,35,216.569,0.93775,0.75,,,,,,,,,4,4,18,3.57434,1.32075,0.858452
4,4,19,18,128.284,137.447,0.8,,,,,,,,,4,4,19,1.1459,1.63636,0.672944
4,4,20,15,12,1.309,166.667,,,,,,,,,4,4,20,0.888888,1.875,0.904534
4,4,21,48,316.569,0.601888,0.727273,,,,,,,,,4,4,21,6.37153,0.96,0.73209
4,4,22,88,378.995,0.769885,0.916667,,,,,,,,,4,4,22,11.9384,1.12102,0.879434
4,4,23,95,392.132,0.77637,0.857143,,,,,,,,,4,4,23,14.8741,1.13095,0.917855
4,4,24,9,8,176.715,1,,,,,,,,,4,4,24,0.296296,2.24999,0.0000774597
4,4,25,18,14,115.405,0.5,,,,,,,,,4,4,25,1.34259,1.8,0.944749
4,4,26,53,298.995,0.745003,0.727273,,,,,,,,,4,4,26,5.8008,1.0495,0.732325
4,4,27,12,10,150.796,133.333,,,,,,,,,4,4,27,0.541666,2,0.8
4,4,28,15,12,1.309,166.667,,,,,,,,,4,4,28,0.888888,1.875,0.904534
4,4,29,12,10,150.796,0.75,,,,,,,,,4,4,29,0.541666,2,0.8
4,4,30,18,18,0.698132,4.5,,,,,,,,,4,4,30,2.40741,2.25,1
4,4,31,6,6,209.439,1.5,,,,,,,,,4,4,31,0.138889,2.99999,1
4,4,32,6,6,209.439,1.5,,,,,,,,,4,4,32,0.138889,2.99999,1
4,5,1,15,12,1.309,166.667,,,,,,,,,4,5,1,0.888888,1.875,0.904534
4,5,2,9,8,176.715,1,,,,,,,,,4,5,2,0.296296,2.24999,0.0000774597
4,5,3,15,12,1.309,0.6,,,,,,,,,4,5,3,0.888888,1.875,0.904534
4,5,4,12,10,150.796,0.75,,,,,,,,,4,5,4,0.541666,2,0.8
4,5,5,20,168.284,0.887468,0.833333,,,,,,,,,4,5,5,1.71818,1.33333,0.840635
4,5,6,49,24,106.901,1,,,,,,,,,4,5,6,4.40816,1.36111,0.0000278231
4,5,7,42,22,109.047,116.667,,,,,,,,,4,5,7,3.63095,1.4,0.583643
4,5,8,123,512.132,0.58932,166.667,,,,,,,,,4,5,8,28.8747,0.960937,0.940322
4,5,9,18,134.142,125.705,1.25,,,,,,,,,4,5,9,1.11478,1.63636,0.729903
4,5,10,25,168.284,110.934,1.75,,,,,,,,,4,5,10,2.13417,1.51515,0.88258
4,5,11,19,148.284,108.586,1.5,,,,,,,,,4,5,11,1.45893,1.52,0.882691
4,5,12,22,148.284,125.731,0.666667,,,,,,,,,4,5,12,1.6471,1.57143,0.814365
4,5,13,35,210.711,0.990615,1,,,,,,,,,4,5,13,3.401,1.22807,0.714273
4,5,14,15,12,1.309,0.6,,,,,,,,,4,5,14,0.888888,1.875,0.904534
4,5,15,20,168.284,0.887468,1.2,,,,,,,,,4,5,15,1.71818,1.33333,0.840635
4,5,16,26,168.284,115.371,0.833333,,,,,,,,,4,5,16,1.98844,1.44444,0.675207
4,5,17,57,282.426,0.897995,142.857,,,,,,,,,4,5,17,5.87184,1.2,0.762139
4,5,18,15,12,1.309,0.6,,,,,,,,,4,5,18,0.888888,1.875,0.904534
4,5,19,33,190.711,114.018,116.667,,,,,,,,,4,5,19,2.84745,1.34694,0.666484
4,5,20,12,10,150.796,133.333,,,,,,,,,4,5,20,0.541666,2,0.8
4,5,21,35,230.711,0.826309,114.286,,,,,,,,,4,5,21,3.69183,1.12903,0.762991
4,5,22,9,8,176.715,1,,,,,,,,,4,5,22,0.296296,2.24999,0.0000774597
4,5,23,12,10,150.796,133.333,,,,,,,,,4,5,23,0.541666,2,0.8
4,5,24,9,8,176.715,1,,,,,,,,,4,5,24,0.296296,2.24999,0.0000774597
4,1,1,91,490.711,0.474898,154.545,,,,,,,,,5,1,1,0.3125,2.66666,1
4,1,2,11,941.421,155.968,133.333,,,,,,,,,5,1,2,1.2592,1.78947,0.936874
4,1,3,60,284.853,0.929223,1,,,,,,,,,5,1,3,0.138889,2.99999,1
4,1,4,20,154.142,105.778,233.333,,,,,,,,,5,1,4,2.1174,1.31707,0.448375
4,1,5,35,194.142,116.691,1,,,,,,,,,5,1,5,10.6241,1,0.891883
4,1,6,78,330.711,0.896206,0.666667,,,,,,,,,5,1,6,7.26716,1.36508,0.974861
4,1,7,15,114.142,14.468,1,,,,,,,,,5,1,7,1.34259,1.8,0.944749
4,1,8,67,313.137,0.858649,1,,,,,,,,,5,1,8,0.888888,1.875,0.904534
4,1,9,45,288.284,0.680425,0.545455,,,,,,,,,5,1,9,7.02532,1.08475,0.762645
4,1,10,12,10,150.796,133.333,,,,,,,,,5,1,10,0.296296,2.24999,0.0000774597
4,1,11,105,406.274,0.799394,107.692,,,,,,,,,5,1,11,0.541666,2,0.8
4,1,12,26,208.284,0.753131,116.667,,,,,,,,,5,1,12,0.296296,2.24999,0.0000774597
4,1,13,9,8,176.715,1,,,,,,,,,5,1,13,1.6471,1.57143,0.814365
4,1,14,165,653.553,0.485436,1,,,,,,,,,5,1,14,9.80264,0.878049,0.616484
4,1,15,9,8,176.715,1,,,,,,,,,5,1,15,2.89352,1.44,0.0000332142
4,1,16,15,12,1.309,0.6,,,,,,,,,5,1,16,0.541666,2,0.8
4,1,17,15,12,1.309,166.667,,,,,,,,,5,1,17,47.628,0.786885,0.773774
4,1,18,32,182.426,120.833,1,,,,,,,,,5,1,18,0.888888,1.875,0.904534
4,1,19,12,10,150.796,133.333,,,,,,,,,5,1,19,2.27778,1.5,0.634099
4,1,20,52,236.569,116.761,0.875,,,,,,,,,5,1,20,4.21182,1.25,0.521438
4,1,21,117,440.416,0.758,0.933333,,,,,,,,,5,1,21,2.89352,1.44,0.0000332142
4,1,22,24,202.426,0.736015,116.667,,,,,,,,,5,1,22,2.92257,1.25,0.689064
4,1,23,38,202.426,116.536,0.857143,,,,,,,,,5,1,23,2.08951,1.5,0.886753
4,1,24,9,8,176.715,1,,,,,,,,,5,1,24,2.83774,1.42857,0.337673
4,1,25,12,10,150.796,133.333,,,,,,,,,5,1,25,4.03628,1.33333,0.757632
4,1,26,9,8,176.715,1,,,,,,,,,5,1,26,4.71535,1.10811,0.698196
4,1,27,9,8,176.715,1,,,,,,,,,5,1,27,0.296296,2.24999,0.0000774597
4,1,28,28,188.284,0.992521,2,,,,,,,,,5,1,28,0.296296,2.24999,0.0000774597
4,1,29,24,174.142,0.99452,0.571429,,,,,,,,,5,1,29,5.87884,1.14634,0.866833
4,1,30,9,8,176.715,1,,,,,,,,,5,1,30,0.541666,2,0.8
4,1,31,9,8,176.715,1,,,,,,,,,5,1,31,7.44642,1.04202,0.75919
4,1,32,9,8,176.715,1,,,,,,,,,5,1,32,2.22227,1.48718,0.63289
4,1,33,25,168.284,110.934,1.75,,,,,,,,,5,1,33,113.269,0.727003,0.977761
4,1,34,18,14,115.405,2,,,,,,,,,5,1,34,4.64172,1.13158,0.694009
4,1,35,169,712.132,0.41877,208.333,,,,,,,,,5,1,35,5.26013,1.14634,0.738375
4,1,36,23,154.142,121.645,1.5,,,,,,,,,5,1,36,0.296296,2.24999,0.0000774597
4,1,37,12,10,150.796,133.333,,,,,,,,,5,1,37,0.888888,1.875,0.904534
4,1,38,12,10,150.796,0.75,,,,,,,,,5,1,38,6.04552,1.29032,0.687998
4,1,39,32,208.284,0.92693,116.667,,,,,,,,,5,1,39,6.6115,1.24,0.78971
4,1,40,26,162.426,123.843,1.2,,,,,,,,,5,1,40,0.296296,2.24999,0.0000774597
4,1,41,12,10,150.796,133.333,,,,,,,,,5,1,41,14.4569,1.00565,0.875773
4,1,42,34,208.284,0.984863,0.857143,,,,,,,,,5,1,42,0.296296,2.24999,0.0000774597
4,1,43,99,41.799,0.712055,0.6875,,,,,,,,,5,1,43,3.24708,1.16981,0.80942
4,1,44,15,12,1.309,0.6,,,,,,,,,5,1,44,7.22066,1.28846,0.768801
4,1,45,12,10,150.796,0.75,,,,,,,,,5,1,45,3.85734,1.35484,0.611433
4,1,46,33,196.569,107.324,0.625,,,,,,,,,5,1,46,13.2051,0.929577,0.923674
4,1,47,15,12,1.309,0.6,,,,,,,,,5,1,47,4.18679,1.24324,0.526437
4,1,48,39,242.426,0.833901,0.875,,,,,,,,,5,1,48,2.17824,1.5,0.91013
4,1,49,9,8,176.715,1,,,,,,,,,5,1,49,0.541666,2,0.8
4,1,50,43,222.426,109.221,133.333,,,,,,,,,5,1,50,0.296296,2.24999,0.0000774597
4,1,51,15,12,1.309,0.6,,,,,,,,,5,1,51,3.52734,1.40741,0.836849
4,1,52,18,14,115.405,2,,,,,,,,,5,1,52,0.541666,2,0.8
4,1,53,79,347.279,0.823151,1,,,,,,,,,5,1,53,4.11419,1.22857,0.513596
4,1,54,28,168.284,124.246,0.833333,,,,,,,,,5,1,54,2.90867,1.44681,0.772059
4,1,55,9,8,176.715,1,,,,,,,,,5,1,55,3.17187,1.52381,0.927961
4,1,56,48,322.426,0.580216,111.111,,,,,,,,,5,1,56,21.3181,1.13725,0.953824
4,1,57,9,8,176.715,1,,,,,,,,,5,1,57,0.541666,2,0.8
4,1,58,63,284.853,0.975684,0.8,,,,,,,,,5,1,58,28.8365,0.953488,0.952263
4,1,59,15,12,1.309,166.667,,,,,,,,,5,1,59,3.52734,1.40741,0.836849
4,1,60,9,8,176.715,1,,,,,,,,,5,1,60,5.92677,1.28889,0.729953
4,1,61,59,342.426,0.632306,0.666667,,,,,,,,,5,1,61,0.296296,2.24999,0.0000774597
4,1,62,151,585.269,0.553956,123.529,,,,,,,,,5,1,62,2.57639,1.71428,0.975563
4,1,63,36,20,113.097,1,,,,,,,,,5,1,63,1.11478,1.63636,0.729903
4,1,64,40,236.569,0.898164,1.5,,,,,,,,,5,1,64,1.90476,1.75,0.964486
4,1,65,29,174.142,120.171,0.833333,,,,,,,,,5,1,65,0.296296,2.24999,0.0000774597
4,1,66,15,12,1.309,0.6,,,,,,,,,5,1,66,3.64488,1.42857,0.950615
4,1,67,22,148.284,125.731,1.5,,,,,,,,,5,1,67,1.57725,1.55555,0.853232
4,1,68,32,202.426,0.981354,0.857143,,,,,,,,,5,1,68,1.34259,1.8,0.944749
4,1,69,32,202.426,0.981354,116.667,,,,,,,,,5,1,69,0.541666,2,0.8
4,1,70,37,228.284,0.892195,1,,,,,,,,,5,1,70,0.138889,2.99999,1
4,1,71,12,10,150.796,133.333,,,,,,,,,5,1,72,23.6745,1.03226,0.957262
4,1,72,39,216.569,104.492,133.333,,,,,,,,,5,1,73,0.541666,2,0.8
4,1,73,29,188.284,102.797,1,,,,,,,,,5,1,74,0.296296,2.24999,0.0000774597
4,1,74,60,329.706,0.693599,0.833333,,,,,,,,,5,1,75,0.296296,2.24999,0.0000774597
4,1,75,8,8,15.708,0.5,,,,,,,,,5,1,76,0.541666,2,0.8
4,1,76,75,330.711,0.861737,185.714,,,,,,,,,5,1,77,5.11574,1.15909,0.726423
4,1,77,18,134.142,125.705,0.8,,,,,,,,,5,1,78,12.0501,1.06509,0.859292
4,1,78,78,387.279,0.653516,0.714286,,,,,,,,,5,1,79,0.888888,1.875,0.904534
4,1,79,110,455.563,0.666047,0.647059,,,,,,,,,5,1,80,0.138889,2.99999,1
4,1,80,34,194.142,113.357,0.714286,,,,,,,,,6,1,1,1.25,1.66667,0.701269
4,1,81,29,188.284,102.797,1.4,,,,,,,,,6,1,2,2.27778,1.5,0.634099
4,1,82,15,12,1.309,166.667,,,,,,,,,6,1,3,6.74201,1.20408,0.823889
4,1,83,20,14,128.228,0.8,,,,,,,,,6,1,4,0.296296,2.24999,0.0000774597
4,1,84,9,8,176.715,1,,,,,,,,,6,1,5,4.85515,1.225,0.722826
4,1,85,39,250.711,0.779702,0.777778,,,,,,,,,6,1,6,1.34259,1.8,0.944749
4,1,86,27,182.426,101.953,1,,,,,,,,,6,1,7,2.58095,1.38095,0.813471
4,1,87,58,282.426,0.91375,0.545455,,,,,,,,,6,1,8,0.296296,2.24999,0.0000774597
4,1,88,48,244.853,10.061,1,,,,,,,,,6,1,9,2.66792,1.39535,0.828809
4,1,89,26,176.569,104.799,1,,,,,,,,,6,1,10,0.296296,2.24999,0.0000774597
4,1,90,33,194.142,110.023,0.714286,,,,,,,,,6,1,11,1.34259,1.8,0.944749
4,1,91,33,242.426,0.705609,0.875,,,,,,,,,6,1,12,0.541666,2,0.8
4,1,92,52,276.569,0.854295,1.125,,,,,,,,,6,1,13,0.296296,2.24999,0.0000774597
4,1,93,12,10,150.796,0.75,,,,,,,,,6,1,14,1.11478,1.63636,0.729903
4,1,94,6,6,209.439,0.666667,,,,,,,,,6,1,15,0.888888,1.875,0.904534
4,1,95,40,230.711,0.944353,0.666667,,,,,,,,,6,1,16,0.296296,2.24999,0.0000774597
4,1,96,12,10,150.796,0.75,,,,,,,,,6,1,17,0.800217,1.7647,0.449734
4,1,97,9,8,176.715,1,,,,,,,,,6,1,18,1.70923,1.58621,0.825816
4,1,98,19,134.142,132.688,1.25,,,,,,,,,6,1,19,0.541666,2,0.8
4,1,99,9,8,176.715,1,,,,,,,,,6,1,20,5.09082,1.08889,0.745647
4,1,100,24,174.142,0.99452,0.833333,,,,,,,,,6,1,21,0.296296,2.24999,0.0000774597
4,1,101,18,134.142,125.705,0.8,,,,,,,,,6,1,22,0.296296,2.24999,0.0000774597
4,1,102,15,12,1.309,166.667,,,,,,,,,6,1,23,0.541666,2,0.8
4,1,103,49,248.284,0.998867,114.286,,,,,,,,,6,1,24,0.541666,2,0.8
4,1,104,9,8,176.715,1,,,,,,,,,6,1,25,1.34259,1.8,0.944749
4,1,105,6,6,209.439,0.666667,,,,,,,,,6,1,26,4.55913,1.44,0.956775
4,1,106,54,276.569,0.887152,0.888889,,,,,,,,,6,1,27,2.46398,1.45,0.726788
4,1,107,6,6,209.439,1.5,,,,,,,,,6,1,28,6.39583,1.24444,0.869593
4,1,108,6,6,209.439,1.5,,,,,,,,,6,1,29,0.541666,2,0.8
4,1,109,6,6,209.439,1.5,,,,,,,,,6,1,30,0.541666,2,0.8
4,2,1,12,10,150.796,133.333,,,,,,,,,6,1,31,0.541666,2,0.8
4,2,2,6,6,209.439,1.5,,,,,,,,,6,1,32,0.541666,2,0.8
4,2,3,12,10,150.796,133.333,,,,,,,,,6,1,33,0.296296,2.24999,0.0000774597
4,2,4,29,208.284,0.84003,116.667,,,,,,,,,6,1,34,2.26602,1.52941,0.880819
4,2,5,9,8,176.715,1,,,,,,,,,6,1,35,0.296296,2.24999,0.0000774597
4,2,6,31,176.569,124.952,1,,,,,,,,,6,1,36,0.296296,2.24999,0.0000774597
4,2,7,21,16,103.084,0.428571,,,,,,,,,6,1,37,0.296296,2.24999,0.0000774597
4,2,8,28,18,108.598,1.75,,,,,,,,,6,1,38,2.35067,1.34884,0.543019
4,2,9,19,134.142,132.688,1.25,,,,,,,,,6,1,39,0.541666,2,0.8
4,2,10,40,224.853,0.994199,114.286,,,,,,,,,6,1,40,1.34259,1.8,0.944749
4,2,11,9,8,176.715,1,,,,,,,,,6,1,41,1.53333,1.53846,0.8608
4,2,12,21,16,103.084,0.428571,,,,,,,,,6,1,42,1.90476,1.75,0.964486
4,2,13,12,10,150.796,0.75,,,,,,,,,6,1,43,3.11746,1.4,0.625934
4,2,14,41,248.284,0.835786,0.875,,,,,,,,,6,1,44,0.296296,2.24999,0.0000774597
4,2,15,9,8,176.715,1,,,,,,,,,6,1,45,0.296296,2.24999,0.0000774597
4,2,16,12,10,150.796,133.333,,,,,,,,,6,1,46,3.93427,1.33333,0.732192
4,2,17,20,14,128.228,1.25,,,,,,,,,6,1,47,0.800217,1.7647,0.449734
4,2,18,30,18,116.355,1.2,,,,,,,,,6,1,48,24.2046,0.821429,0.60754
4,2,19,73,367.279,0.680049,155.556,,,,,,,,,6,1,49,0.800217,1.7647,0.449734
4,2,20,16,12,139.626,1,,,,,,,,,6,1,50,0.138889,2.99999,1
4,2,21,30,222.426,0.762006,1,,,,,,,,,6,1,51,0.138889,2.99999,1
4,2,22,15,114.142,14.468,1,,,,,,,,,6,2,1,4.07893,1.47826,0.949473
4,2,23,12,10,150.796,133.333,,,,,,,,,6,2,2,0.138889,2.99999,1
4,2,24,9,8,176.715,1,,,,,,,,,6,2,3,0.296296,2.24999,0.0000774597
4,2,25,9,8,176.715,1,,,,,,,,,6,2,4,1.1459,1.63636,0.672944
4,2,26,29,188.284,102.797,1.4,,,,,,,,,6,2,5,0.296296,2.24999,0.0000774597
4,2,27,20,14,128.228,1.25,,,,,,,,,6,2,6,1.60064,1.53333,0.0591316
4,2,28,15,12,1.309,166.667,,,,,,,,,6,2,7,1.90476,1.75,0.964486
4,2,29,15,12,1.309,166.667,,,,,,,,,6,2,8,1.34259,1.8,0.944749
4,2,30,15,12,1.309,166.667,,,,,,,,,6,2,9,6.97485,1.00917,0.778317
4,2,31,8,8,15.708,0.5,,,,,,,,,6,2,10,1.25,1.66667,0.701269
4,2,32,18,128.284,137.447,0.8,,,,,,,,,6,2,11,0.296296,2.24999,0.0000774597
4,2,33,66,327.279,0.774314,0.75,,,,,,,,,6,2,12,2.27778,1.5,0.634099
4,2,34,26,162.426,123.843,1.2,,,,,,,,,6,2,13,2.33657,1.54286,0.887945
4,2,35,9,8,176.715,1,,,,,,,,,6,2,14,1.52958,1.57143,0.571313
4,2,36,20,14,128.228,1.25,,,,,,,,,6,2,15,3.14932,1.26316,0.434248
4,2,37,12,10,150.796,133.333,,,,,,,,,6,2,16,0.888888,1.875,0.904534
4,2,38,40,248.284,0.815401,114.286,,,,,,,,,6,2,17,2.08951,1.5,0.886753
4,2,39,9,8,176.715,1,,,,,,,,,6,2,18,6.12133,1.11111,0.789605
4,2,40,23,168.284,102.059,0.571429,,,,,,,,,6,2,19,0.296296,2.24999,0.0000774597
4,2,41,23,154.142,121.645,1.5,,,,,,,,,6,2,20,3.27568,1.30909,0.667846
4,2,42,47,248.284,0.958097,0.875,,,,,,,,,6,2,21,1.70923,1.58621,0.825816
4,2,43,30,182.426,113.281,1.4,,,,,,,,,6,2,22,2.71218,1.21739,0.803154
4,2,44,76,341.421,0.819298,1,,,,,,,,,6,2,23,0.800217,1.7647,0.449734
4,2,45,18,128.284,137.447,0.8,,,,,,,,,6,2,24,2.04527,1.45946,0.654123
4,2,46,26,168.284,115.371,0.571429,,,,,,,,,6,2,25,0.296296,2.24999,0.0000774597
4,3,1,16,128.284,122.175,2,,,,,,,,,6,2,26,0.296296,2.24999,0.0000774597
4,3,2,21,16,103.084,0.428571,,,,,,,,,6,2,27,4.07511,1.3125,0.77955
4,3,3,19,134.142,132.688,0.8,,,,,,,,,6,2,28,0.541666,2,0.8
4,3,4,9,8,176.715,1,,,,,,,,,6,2,29,2.77112,1.26087,0.778515
4,3,5,21,188.284,0.744391,1,,,,,,,,,6,2,30,5.96814,1.23913,0.748362
4,3,6,29,182.426,109.505,1,,,,,,,,,6,2,31,9.80752,1.14516,0.898941
4,3,7,33,222.426,0.838207,1,,,,,,,,,6,2,32,3.17187,1.52381,0.927961
4,3,8,40,282.426,0.630172,1.125,,,,,,,,,6,2,33,0.296296,2.24999,0.0000774597
4,3,9,72,330.711,0.827267,122.222,,,,,,,,,6,2,34,0.888888,1.875,0.904534
4,3,10,15,114.142,14.468,1,,,,,,,,,6,2,35,0.541666,2,0.8
4,3,11,12,10,150.796,0.75,,,,,,,,,6,2,36,2.66932,1.14286,0.829319
4,3,12,18,134.142,125.705,1.25,,,,,,,,,6,2,37,2.79778,1.30612,0.764414
4,3,13,23,154.142,121.645,0.666667,,,,,,,,,6,2,38,0.296296,2.24999,0.0000774597
4,3,14,28,222.426,0.711206,1,,,,,,,,,6,2,39,2.8045,1.52631,0.916984
4,3,15,9,8,176.715,1,,,,,,,,,6,2,40,1.34259,1.8,0.944749
4,3,16,32,216.569,0.857372,0.75,,,,,,,,,6,2,41,2.28007,1.31579,0.845916
4,3,17,72,327.279,0.844706,0.909091,,,,,,,,,6,2,42,6.78658,1.45161,0.97201
4,3,18,28,182.426,105.729,1,,,,,,,,,6,3,1,1.75463,1.28571,0.867299
4,3,19,19,134.142,132.688,1.25,,,,,,,,,6,3,2,0.296296,2.24999,0.0000774597
4,3,20,48,244.853,10.061,1,,,,,,,,,6,3,3,1.90476,1.75,0.964486
4,3,21,9,8,176.715,1,,,,,,,,,6,3,4,4.31326,1.28125,0.835852
4,3,22,33,188.284,116.976,1.4,,,,,,,,,6,3,5,0.296296,2.24999,0.0000774597
4,3,23,9,8,176.715,1,,,,,,,,,6,3,6,0.296296,2.24999,0.0000774597
4,3,24,15,114.142,14.468,1,,,,,,,,,6,3,7,0.296296,2.24999,0.0000774597
4,3,25,23,154.142,121.645,1.5,,,,,,,,,6,3,8,0.541666,2,0.8
4,3,26,17,128.284,129.811,0.8,,,,,,,,,6,3,9,0.296296,2.24999,0.0000774597
4,3,27,23,168.284,102.059,1.75,,,,,,,,,6,3,10,0.541666,2,0.8
4,3,28,33,242.426,0.705609,114.286,,,,,,,,,6,3,11,4.65833,1.3913,0.967086
4,3,29,63,295.563,0.906252,1,,,,,,,,,6,3,12,0.296296,2.24999,0.0000774597
4,3,30,62,307.279,0.825154,1,,,,,,,,,6,3,13,0.296296,2.24999,0.0000774597
4,3,31,12,10,150.796,133.333,,,,,,,,,6,3,14,0.296296,2.24999,0.0000774597
4,3,32,12,10,150.796,133.333,,,,,,,,,6,3,15,0.541666,2,0.8
4,4,1,15,12,1.309,166.667,,,,,,,,,6,3,16,0.541666,2,0.8
4,4,2,9,8,176.715,1,,,,,,,,,6,3,17,0.296296,2.24999,0.0000774597
4,4,3,34,194.142,113.357,1,,,,,,,,,6,3,18,1.78968,1.35484,0.835905
4,4,4,55,264.853,0.985288,0.888889,,,,,,,,,6,3,19,0.888888,1.875,0.904534
4,4,5,19,134.142,132.688,0.8,,,,,,,,,6,3,20,5.9269,1.16667,0.691568
4,4,6,36,20,113.097,1,,,,,,,,,6,3,21,4.99962,1.22353,0.505264
4,4,7,31,188.284,109.886,1.4,,,,,,,,,6,3,22,0.541666,2,0.8
4,4,8,15,12,1.309,0.6,,,,,,,,,6,3,23,0.888888,1.875,0.904534
4,4,9,18,14,115.405,0.5,,,,,,,,,6,3,24,8.60266,1.09231,0.839136
4,4,10,30,182.426,113.281,1,,,,,,,,,6,3,25,4.18219,1.25,0.659034
4,4,11,15,12,1.309,166.667,,,,,,,,,6,3,26,8.236,1.0625,0.771134
4,4,12,12,10,150.796,0.75,,,,,,,,,6,3,27,0.800217,1.7647,0.449734
4,4,13,34,196.569,110.576,0.857143,,,,,,,,,6,3,28,8.15076,0.991596,0.856394
4,4,14,30,182.426,113.281,1,,,,,,,,,6,3,29,82.8988,0.787004,0.965209
4,4,15,16,12,139.626,1,,,,,,,,,6,3,30,0.296296,2.24999,0.0000774597
4,4,16,15,12,1.309,166.667,,,,,,,,,6,3,31,0.888888,1.875,0.904534
4,4,17,15,12,1.309,0.6,,,,,,,,,6,3,32,0.138889,2.99999,1
4,4,18,35,216.569,0.93775,0.75,,,,,,,,,6,3,33,0.888888,1.875,0.904534
4,4,19,18,128.284,137.447,0.8,,,,,,,,,6,3,34,0.296296,2.24999,0.0000774597
4,4,20,15,12,1.309,166.667,,,,,,,,,6,3,35,1.34259,1.8,0.944749
4,4,21,48,316.569,0.601888,0.727273,,,,,,,,,6,3,36,1.25,1.66667,0.701269
4,4,22,88,378.995,0.769885,0.916667,,,,,,,,,6,3,37,4.03492,1.22857,0.554396
4,4,23,95,392.132,0.77637,0.857143,,,,,,,,,6,3,38,21.1934,1.09259,0.947535
4,4,24,9,8,176.715,1,,,,,,,,,6,3,39,4.57192,1.13158,0.674837
4,4,25,18,14,115.405,0.5,,,,,,,,,6,3,40,10.4096,1.03571,0.757711
4,4,26,53,298.995,0.745003,0.727273,,,,,,,,,6,3,41,0.296296,2.24999,0.0000774597
4,4,27,12,10,150.796,133.333,,,,,,,,,6,3,42,0.541666,2,0.8
4,4,28,15,12,1.309,166.667,,,,,,,,,6,3,43,0.541666,2,0.8
4,4,29,12,10,150.796,0.75,,,,,,,,,6,3,44,1.70923,1.58621,0.825816
4,4,30,18,18,0.698132,4.5,,,,,,,,,6,3,45,0.296296,2.24999,0.0000774597
4,4,31,6,6,209.439,1.5,,,,,,,,,6,3,46,1.19921,1.65217,0.696279
4,4,32,6,6,209.439,1.5,,,,,,,,,6,3,47,0.296296,2.24999,0.0000774597
4,5,1,15,12,1.309,166.667,,,,,,,,,6,4,1,0.541666,2,0.8
4,5,2,9,8,176.715,1,,,,,,,,,6,4,2,0.541666,2,0.8
4,5,3,15,12,1.309,0.6,,,,,,,,,6,4,3,3.63095,1.4,0.583643
4,5,4,12,10,150.796,0.75,,,,,,,,,6,4,4,0.888888,1.875,0.904534
4,5,5,20,168.284,0.887468,0.833333,,,,,,,,,6,4,5,0.800217,1.7647,0.449734
4,5,6,49,24,106.901,1,,,,,,,,,6,4,6,0.888888,1.875,0.904534
4,5,7,42,22,109.047,116.667,,,,,,,,,6,4,7,0.296296,2.24999,0.0000774597
4,5,8,123,512.132,0.58932,166.667,,,,,,,,,6,4,8,0.541666,2,0.8
4,5,9,18,134.142,125.705,1.25,,,,,,,,,6,4,9,0.541666,2,0.8
4,5,10,25,168.284,110.934,1.75,,,,,,,,,6,4,10,0.296296,2.24999,0.0000774597
4,5,11,19,148.284,108.586,1.5,,,,,,,,,6,4,11,1.34259,1.8,0.944749
4,5,12,22,148.284,125.731,0.666667,,,,,,,,,6,4,12,0.541666,2,0.8
4,5,13,35,210.711,0.990615,1,,,,,,,,,6,4,13,0.888888,1.875,0.904534
4,5,14,15,12,1.309,0.6,,,,,,,,,6,4,14,0.296296,2.24999,0.0000774597
4,5,15,20,168.284,0.887468,1.2,,,,,,,,,6,4,15,0.888888,1.875,0.904534
4,5,16,26,168.284,115.371,0.833333,,,,,,,,,6,4,16,0.888888,1.875,0.904534
4,5,17,57,282.426,0.897995,142.857,,,,,,,,,6,4,17,1.6471,1.57143,0.814365
4,5,18,15,12,1.309,0.6,,,,,,,,,6,4,18,3.5778,1.18182,0.494995
4,5,19,33,190.711,114.018,116.667,,,,,,,,,6,4,19,0.888888,1.875,0.904534
4,5,20,12,10,150.796,133.333,,,,,,,,,6,4,20,1.25,1.66667,0.701269
4,5,21,35,230.711,0.826309,114.286,,,,,,,,,6,4,21,0.296296,2.24999,0.0000774597
4,5,22,9,8,176.715,1,,,,,,,,,6,4,22,7.70263,1.14754,0.696991
4,5,23,12,10,150.796,133.333,,,,,,,,,6,4,23,4.12816,1.21429,0.891395
4,5,24,9,8,176.715,1,,,,,,,,,6,4,24,3.61641,1.32203,0.697244
5,1,1,8,8,15.708,0.5,,,,,,,,,6,4,25,1.19921,1.65217,0.696279
5,1,2,17,134.142,118.721,2,,,,,,,,,6,4,26,3.31378,1.36842,0.552179
5,1,3,6,6,209.439,1.5,,,,,,,,,6,4,27,0.888888,1.875,0.904534
5,1,4,27,188.284,0.957074,1,,,,,,,,,6,4,28,3.26806,1.4,0.828958
5,1,5,64,356.569,0.632563,1.625,,,,,,,,,6,4,29,10.5155,1.16393,0.914178
5,1,6,43,288.284,0.650184,0.307692,,,,,,,,,6,4,30,0.296296,2.24999,0.0000774597
5,1,7,18,14,115.405,0.5,,,,,,,,,6,4,31,0.541666,2,0.8
5,1,8,15,12,1.309,166.667,,,,,,,,,6,4,32,2.97856,1.08,0.76735
5,1,9,64,324.853,0.762108,1.5,,,,,,,,,6,4,33,0.296296,2.24999,0.0000774597
5,1,10,9,8,176.715,1,,,,,,,,,6,4,34,0.296296,2.24999,0.0000774597
5,1,11,12,10,150.796,0.75,,,,,,,,,6,4,35,1.34259,1.8,0.944749
5,1,12,9,8,176.715,1,,,,,,,,,6,4,36,0.138889,2.99999,1
5,1,13,22,148.284,125.731,1.5,,,,,,,,,6,5,1,5.95495,1.12871,0.666569
5,1,14,72,398.995,0.568339,0.846154,,,,,,,,,6,5,2,3.69253,1.30769,0.888471
5,1,15,36,20,113.097,1,,,,,,,,,6,5,3,0.296296,2.24999,0.0000774597
5,1,16,12,10,150.796,0.75,,,,,,,,,6,5,4,6.36862,1.25532,0.778586
5,1,17,216,749.706,0.482928,0.708333,,,,,,,,,6,5,5,11.9425,1.14483,0.897922
5,1,18,15,12,1.309,0.6,,,,,,,,,6,5,6,0.888888,1.875,0.904534
5,1,19,30,18,116.355,0.833333,,,,,,,,,6,5,7,0.296296,2.24999,0.0000774597
5,1,20,45,236.569,101.044,114.286,,,,,,,,,6,5,8,5.46006,1.18605,0.612682
5,1,21,36,20,113.097,1,,,,,,,,,6,5,9,0.541666,2,0.8
5,1,22,30,214.142,0.822104,116.667,,,,,,,,,6,5,10,5.08932,1.15,0.672652
5,1,23,24,168.284,106.496,1.75,,,,,,,,,6,5,11,2.20599,1.2,0.838548
5,1,24,35,194.142,116.691,1,,,,,,,,,6,5,12,8.19378,1.08029,0.689078
5,1,25,42,222.426,106.681,0.75,,,,,,,,,6,5,13,2.62865,1.26531,0.640217
5,1,26,41,268.284,0.715819,128.571,,,,,,,,,6,5,14,1.90476,1.75,0.964486
5,1,27,9,8,176.715,1,,,,,,,,,6,5,15,1.60064,1.53333,0.0591316
5,1,28,9,8,176.715,1,,,,,,,,,6,5,16,1.72007,1.375,0.77114
5,1,29,47,273.137,0.791674,1,,,,,,,,,6,5,17,0.888888,1.875,0.904534
5,1,30,12,10,150.796,133.333,,,,,,,,,6,5,18,4.64983,1.24638,0.851507
5,1,31,62,324.853,0.738292,1,,,,,,,,,6,5,19,1.11478,1.63636,0.729903
5,1,32,29,174.142,120.171,1.2,,,,,,,,,6,5,20,0.541666,2,0.8
5,1,33,245,102.912,0.290701,12.069,,,,,,,,,6,5,21,1.19921,1.65217,0.696279
5,1,34,43,268.284,0.750737,0.777778,,,,,,,,,7,1,1,0.138889,2.99999,1
5,1,35,47,270.711,0.805929,0.7,,,,,,,,,7,1,2,0.138889,2.99999,1
5,1,36,9,8,176.715,1,,,,,,,,,7,1,3,2.59306,1.42222,0.744552
5,1,37,15,12,1.309,0.6,,,,,,,,,7,1,4,0.541666,2,0.8
5,1,38,60,268.284,104.754,0.777778,,,,,,,,,7,1,5,0.888888,1.875,0.904534
5,1,39,62,282.426,0.976767,0.7,,,,,,,,,7,1,6,0.296296,2.24999,0.0000774597
5,1,40,9,8,176.715,1,,,,,,,,,7,1,7,9.79231,1,0.784491
5,1,41,89,413.137,0.655257,127.273,,,,,,,,,7,1,8,4.33237,1.27778,0.62185
5,1,42,9,8,176.715,1,,,,,,,,,7,1,9,2.49032,1.23404,0.725051
5,1,43,31,222.426,0.787406,0.75,,,,,,,,,7,1,10,11.0038,1.09677,0.849327
5,1,44,67,288.284,101.308,0.7,,,,,,,,,7,1,11,2.16442,1.47368,0.614166
5,1,45,42,222.426,106.681,1,,,,,,,,,7,1,12,2.94756,1.15385,0.710624
5,1,46,66,408.284,0.497541,0.533333,,,,,,,,,7,1,13,3.95383,1.48936,0.943747
5,1,47,46,248.284,0.937712,114.286,,,,,,,,,7,1,14,0.888888,1.875,0.904534
5,1,48,24,174.142,0.99452,0.571429,,,,,,,,,7,1,15,20.1921,0.958904,0.944866
5,1,49,12,10,150.796,0.75,,,,,,,,,7,1,16,4.23042,1.32258,0.836326
5,1,50,9,8,176.715,1,,,,,,,,,7,1,17,0.888888,1.875,0.904534
5,1,51,38,214.142,104.133,1.6,,,,,,,,,7,1,18,3.36739,1.26667,0.37592
5,1,52,12,10,150.796,133.333,,,,,,,,,7,1,19,6.94812,1.2037,0.711291
5,1,53,43,236.569,0.965527,114.286,,,,,,,,,7,1,20,2.36859,1.4054,0.872326
5,1,54,34,194.142,113.357,1.4,,,,,,,,,7,1,22,0.296296,2.24999,0.0000774597
5,1,55,32,20,100.531,0.5,,,,,,,,,7,1,23,2.27778,1.5,0.634099
5,1,56,116,456.569,0.699288,0.444444,,,,,,,,,7,1,24,5.375,1.33333,0.854574
5,1,57,12,10,150.796,133.333,,,,,,,,,7,1,25,8.85263,1.16418,0.79013
5,1,58,123,555.563,0.500781,244.444,,,,,,,,,7,1,26,0.800217,1.7647,0.449734
5,1,59,38,214.142,104.133,0.625,,,,,,,,,7,1,27,1.34259,1.8,0.944749
5,1,60,58,268.284,101.262,0.777778,,,,,,,,,7,1,28,0.296296,2.24999,0.0000774597
5,1,61,9,8,176.715,1,,,,,,,,,7,1,29,4.6978,1.25714,0.838688
5,1,62,24,18,0.930842,0.375,,,,,,,,,7,1,30,1.70923,1.58621,0.825816
5,1,63,18,134.142,125.705,0.8,,,,,,,,,7,1,31,0.843749,1.77778,0.0000538587
5,1,64,21,16,103.084,0.428571,,,,,,,,,7,1,32,3.48752,1.10204,0.867377
5,1,65,9,8,176.715,1,,,,,,,,,7,1,33,3.33419,1.25424,0.398362
5,1,66,30,208.284,0.868997,0.444444,,,,,,,,,7,1,34,5.78968,0.954545,0.682372
5,1,67,21,154.142,111.067,1.5,,,,,,,,,7,1,35,3.50928,1.17857,0.611536
5,1,68,18,14,115.405,2,,,,,,,,,7,1,36,0.296296,2.24999,0.0000774597
5,1,69,12,10,150.796,133.333,,,,,,,,,7,1,37,11.6998,1.02667,0.856443
5,1,70,6,6,209.439,0.666667,,,,,,,,,7,1,38,0.296296,2.24999,0.0000774597
5,1,72,112,481.421,0.607264,0.611111,,,,,,,,,7,1,39,2.33657,1.54286,0.887945
5,1,73,12,10,150.796,133.333,,,,,,,,,7,1,40,0.843749,1.77778,0.0000538587
5,1,74,9,8,176.715,1,,,,,,,,,7,1,41,0.541666,2,0.8
5,1,75,9,8,176.715,1,,,,,,,,,7,1,42,1.46296,1.5,0.906478
5,1,76,12,10,150.796,133.333,,,,,,,,,7,1,43,8.74851,0.907216,0.886286
5,1,77,51,270.711,0.874519,142.857,,,,,,,,,7,1,44,0.296296,2.24999,0.0000774597
5,1,78,90,393.137,0.731753,166.667,,,,,,,,,7,1,45,5.01481,1.10811,0.737957
5,1,79,15,12,1.309,166.667,,,,,,,,,7,1,46,0.888888,1.875,0.904534
5,1,80,6,6,209.439,1.5,,,,,,,,,7,1,47,0.541666,2,0.8
5,1,1,8,8,15.708,0.5,,,,,,,,,7,1,48,2.67721,1.44186,0.778867
5,1,2,17,134.142,118.721,2,,,,,,,,,7,1,49,0.541666,2,0.8
5,1,3,6,6,209.439,1.5,,,,,,,,,7,1,50,1.34259,1.8,0.944749
5,1,4,27,188.284,0.957074,1,,,,,,,,,7,1,51,1.34259,1.8,0.944749
5,1,5,64,356.569,0.632563,1.625,,,,,,,,,7,1,52,1.75463,1.28571,0.867299
5,1,6,43,288.284,0.650184,0.307692,,,,,,,,,7,1,53,33.7256,0.965879,0.899758
5,1,7,18,14,115.405,0.5,,,,,,,,,7,1,54,0.541666,2,0.8
5,1,8,15,12,1.309,166.667,,,,,,,,,7,1,55,2.16442,1.47368,0.614166
5,1,9,64,324.853,0.762108,1.5,,,,,,,,,7,1,56,0.888888,1.875,0.904534
5,1,10,9,8,176.715,1,,,,,,,,,7,1,57,0.296296,2.24999,0.0000774597
5,1,11,12,10,150.796,0.75,,,,,,,,,7,1,58,0.296296,2.24999,0.0000774597
5,1,12,9,8,176.715,1,,,,,,,,,7,1,59,0.541666,2,0.8
5,1,13,22,148.284,125.731,1.5,,,,,,,,,7,1,60,0.888888,1.875,0.904534
5,1,14,72,398.995,0.568339,0.846154,,,,,,,,,7,1,61,6.54863,1.07018,0.644882
5,1,15,36,20,113.097,1,,,,,,,,,7,1,62,2.88885,1.33333,0.542564
5,1,16,12,10,150.796,0.75,,,,,,,,,7,1,63,0.138889,2.99999,1
5,1,17,216,749.706,0.482928,0.708333,,,,,,,,,7,2,1,0.734056,1.85714,0.890659
5,1,18,15,12,1.309,0.6,,,,,,,,,7,2,2,3.44927,1.36842,0.574391
5,1,19,30,18,116.355,0.833333,,,,,,,,,7,2,3,0.541666,2,0.8
5,1,20,45,236.569,101.044,114.286,,,,,,,,,7,2,4,0.296296,2.24999,0.0000774597
5,1,21,36,20,113.097,1,,,,,,,,,7,2,5,2.5548,1.26087,0.6783
5,1,22,30,214.142,0.822104,116.667,,,,,,,,,7,2,6,1.6471,1.57143,0.814365
5,1,23,24,168.284,106.496,1.75,,,,,,,,,7,2,7,0.541666,2,0.8
5,1,24,35,194.142,116.691,1,,,,,,,,,7,2,8,0.541666,2,0.8
5,1,25,42,222.426,106.681,0.75,,,,,,,,,7,2,9,1.78968,1.35484,0.835905
5,1,26,41,268.284,0.715819,128.571,,,,,,,,,7,2,10,1.19921,1.65217,0.696279
5,1,27,9,8,176.715,1,,,,,,,,,7,2,11,3.91479,1.36667,0.72202
5,1,28,9,8,176.715,1,,,,,,,,,7,2,12,2.57639,1.71428,0.975563
5,1,29,47,273.137,0.791674,1,,,,,,,,,7,2,13,3.50781,1.22034,0.745142
5,1,30,12,10,150.796,133.333,,,,,,,,,7,2,14,1.90476,1.75,0.964486
5,1,31,62,324.853,0.738292,1,,,,,,,,,7,2,15,2.45679,1.42105,0.867665
5,1,32,29,174.142,120.171,1.2,,,,,,,,,7,2,16,0.888888,1.875,0.904534
5,1,33,245,102.912,0.290701,12.069,,,,,,,,,7,2,17,2.68679,1.43478,0.504219
5,1,34,43,268.284,0.750737,0.777778,,,,,,,,,7,2,18,7.54796,1.18447,0.866818
5,1,35,47,270.711,0.805929,0.7,,,,,,,,,7,2,19,0.541666,2,0.8
5,1,36,9,8,176.715,1,,,,,,,,,7,2,20,0.541666,2,0.8
5,1,37,15,12,1.309,0.6,,,,,,,,,7,2,21,5.69582,1.13684,0.602011
5,1,38,60,268.284,104.754,0.777778,,,,,,,,,7,2,24,0.800217,1.7647,0.449734
5,1,39,62,282.426,0.976767,0.7,,,,,,,,,7,2,26,1.87508,1.47059,0.600458
5,1,40,9,8,176.715,1,,,,,,,,,7,2,27,2.01439,1.48571,0.716837
5,1,41,89,413.137,0.655257,127.273,,,,,,,,,7,2,28,7.37929,1.15044,0.77459
5,1,42,9,8,176.715,1,,,,,,,,,7,2,29,1.90476,1.75,0.964486
5,1,43,31,222.426,0.787406,0.75,,,,,,,,,7,2,30,1.70923,1.58621,0.825816
5,1,44,67,288.284,101.308,0.7,,,,,,,,,7,2,31,0.296296,2.24999,0.0000774597
5,1,45,42,222.426,106.681,1,,,,,,,,,7,2,32,0.888888,1.875,0.904534
5,1,46,66,408.284,0.497541,0.533333,,,,,,,,,7,2,33,0.541666,2,0.8
5,1,47,46,248.284,0.937712,114.286,,,,,,,,,7,2,34,0.296296,2.24999,0.0000774597
5,1,48,24,174.142,0.99452,0.571429,,,,,,,,,7,3,1,0.138889,2.99999,1
5,1,49,12,10,150.796,0.75,,,,,,,,,7,3,2,2.26295,1.52941,0.880551
5,1,50,9,8,176.715,1,,,,,,,,,7,3,3,0.296296,2.24999,0.0000774597
5,1,51,38,214.142,104.133,1.6,,,,,,,,,7,3,4,0.888888,1.875,0.904534
5,1,52,12,10,150.796,133.333,,,,,,,,,7,3,5,1.77083,1.6,0.834847
5,1,53,43,236.569,0.965527,114.286,,,,,,,,,7,3,6,1.25,1.66667,0.701269
5,1,54,34,194.142,113.357,1.4,,,,,,,,,7,3,7,0.541666,2,0.8
5,1,55,32,20,100.531,0.5,,,,,,,,,7,3,8,1.11478,1.63636,0.729903
5,1,56,116,456.569,0.699288,0.444444,,,,,,,,,7,3,9,0.296296,2.24999,0.0000774597
5,1,57,12,10,150.796,133.333,,,,,,,,,7,3,10,0.296296,2.24999,0.0000774597
5,1,58,123,555.563,0.500781,244.444,,,,,,,,,7,3,11,0.888888,1.875,0.904534
5,1,59,38,214.142,104.133,0.625,,,,,,,,,7,3,12,10.6645,1.17241,0.844733
5,1,60,58,268.284,101.262,0.777778,,,,,,,,,7,3,13,18.8066,0.804598,0.765479
5,1,61,9,8,176.715,1,,,,,,,,,7,3,14,0.296296,2.24999,0.0000774597
5,1,62,24,18,0.930842,0.375,,,,,,,,,7,3,15,0.296296,2.24999,0.0000774597
5,1,63,18,134.142,125.705,0.8,,,,,,,,,7,3,16,0.296296,2.24999,0.0000774597
5,1,64,21,16,103.084,0.428571,,,,,,,,,7,3,17,1.25,1.66667,0.701269
5,1,65,9,8,176.715,1,,,,,,,,,7,3,18,0.296296,2.24999,0.0000774597
5,1,66,30,208.284,0.868997,0.444444,,,,,,,,,7,3,19,2.772,1.30612,0.639622
5,1,67,21,154.142,111.067,1.5,,,,,,,,,7,3,20,3.08423,1.51219,0.922554
5,1,68,18,14,115.405,2,,,,,,,,,7,3,21,0.296296,2.24999,0.0000774597
5,1,69,12,10,150.796,133.333,,,,,,,,,7,3,22,2.80513,1.18182,0.82544
5,1,70,6,6,209.439,0.666667,,,,,,,,,7,3,23,0.296296,2.24999,0.0000774597
5,1,71,9,8,176.715,1,,,,,,,,,7,3,24,5.2357,1.13953,0.768951
5,1,72,112,481.421,0.607264,0.611111,,,,,,,,,7,3,25,6.03839,1.29268,0.840739
5,1,73,12,10,150.796,133.333,,,,,,,,,7,3,26,0.296296,2.24999,0.0000774597
5,1,74,9,8,176.715,1,,,,,,,,,7,3,27,0.541666,2,0.8
5,1,75,9,8,176.715,1,,,,,,,,,7,3,28,0.296296,2.24999,0.0000774597
5,1,76,12,10,150.796,133.333,,,,,,,,,7,3,29,1.52958,1.57143,0.571312
5,1,77,51,270.711,0.874519,142.857,,,,,,,,,7,3,30,1.77083,1.6,0.834847
5,1,78,90,393.137,0.731753,166.667,,,,,,,,,7,3,31,1.34259,1.8,0.944749
5,1,79,15,12,1.309,166.667,,,,,,,,,7,3,32,1.34259,1.8,0.944749
5,1,80,6,6,209.439,1.5,,,,,,,,,7,3,33,19.0288,1.1068,0.92461
6,1,1,20,14,128.228,1.25,,,,,,,,,7,3,34,0.541666,2,0.8
6,1,2,30,18,116.355,0.833333,,,,,,,,,7,3,35,0.296296,2.24999,0.0000774597
6,1,3,59,284.853,0.913736,0.636364,,,,,,,,,7,3,36,0.138889,2.99999,1
6,1,4,9,8,176.715,1,,,,,,,,,7,4,1,2.82839,1.36364,0.825886
6,1,5,49,262.426,0.89411,0.777778,,,,,,,,,7,4,2,1.90476,1.75,0.964486
6,1,6,18,14,115.405,2,,,,,,,,,7,4,3,0.296296,2.24999,0.0000774597
6,1,7,29,182.426,109.505,0.714286,,,,,,,,,7,4,4,0.541666,2,0.8
6,1,8,9,8,176.715,1,,,,,,,,,7,4,5,2.44164,1.38461,0.830331
6,1,9,30,188.284,106.342,0.714286,,,,,,,,,7,4,6,0.296296,2.24999,0.0000774597
6,1,10,9,8,176.715,1,,,,,,,,,7,4,7,0.541666,2,0.8
6,1,11,18,14,115.405,0.5,,,,,,,,,7,4,8,0.296296,2.24999,0.0000774597
6,1,12,12,10,150.796,0.75,,,,,,,,,7,4,9,0.296296,2.24999,0.0000774597
6,1,13,9,8,176.715,1,,,,,,,,,7,4,10,0.541666,2,0.8
6,1,14,18,134.142,125.705,0.8,,,,,,,,,7,4,11,1.85197,1.39394,0.772778
6,1,15,15,12,1.309,166.667,,,,,,,,,7,4,12,1.11478,1.63636,0.729903
6,1,16,9,8,176.715,1,,,,,,,,,7,4,13,3.28789,1.23636,0.776956
6,1,17,15,114.142,14.468,1,,,,,,,,,7,4,14,0.296296,2.24999,0.0000774597
6,1,18,23,154.142,121.645,0.666667,,,,,,,,,7,4,15,1.34259,1.8,0.944749
6,1,19,12,10,150.796,133.333,,,,,,,,,7,4,16,4.04526,1.07042,0.682384
6,1,20,49,290.711,0.728591,0.8,,,,,,,,,7,4,17,0.541666,2,0.8
6,1,21,9,8,176.715,1,,,,,,,,,7,4,18,0.296296,2.24999,0.0000774597
6,1,22,9,8,176.715,1,,,,,,,,,7,4,19,0.541666,2,0.8
6,1,23,12,10,150.796,133.333,,,,,,,,,7,4,20,4.30778,1.09333,0.624672
6,1,24,12,10,150.796,133.333,,,,,,,,,7,4,21,0.541666,2,0.8
6,1,25,18,14,115.405,0.5,,,,,,,,,7,4,23,0.734056,1.85714,0.890659
6,1,26,36,234.142,0.825189,0.4,,,,,,,,,7,4,24,1.19921,1.65217,0.696279
6,1,27,29,176.569,116.891,1,,,,,,,,,7,4,25,4.17501,1.25,0.502838
6,1,28,56,276.569,0.92001,0.7,,,,,,,,,7,4,26,0.888888,1.875,0.904534
6,1,29,12,10,150.796,0.75,,,,,,,,,7,4,27,5.32814,1.20988,0.817388
6,1,30,12,10,150.796,133.333,,,,,,,,,7,4,28,0.541666,2,0.8
6,1,31,12,10,150.796,133.333,,,,,,,,,7,4,29,0.541666,2,0.8
6,1,32,12,10,150.796,0.75,,,,,,,,,7,4,30,2.08884,1.68,0.962672
6,1,33,9,8,176.715,1,,,,,,,,,7,5,1,1.19921,1.65217,0.696279
6,1,34,26,168.284,115.371,0.571429,,,,,,,,,7,5,2,1.9439,1.42857,0.706196
6,1,35,9,8,176.715,1,,,,,,,,,7,5,3,0.888888,1.875,0.904534
6,1,36,9,8,176.715,1,,,,,,,,,7,5,4,4.24595,1.17949,0.265072
6,1,37,9,8,176.715,1,,,,,,,,,7,5,5,4.8614,1.2987,0.534693
6,1,38,29,188.284,102.797,1,,,,,,,,,7,5,6,0.296296,2.24999,0.0000774597
6,1,39,12,10,150.796,0.75,,,,,,,,,7,5,7,1.1459,1.63636,0.672944
6,1,40,18,14,115.405,2,,,,,,,,,7,5,8,0.296296,2.24999,0.0000774597
6,1,41,20,148.284,114.301,1.5,,,,,,,,,7,5,9,0.541666,2,0.8
6,1,42,21,16,103.084,233.333,,,,,,,,,7,5,10,2.77856,1.41667,0.0448902
6,1,43,35,196.569,113.828,116.667,,,,,,,,,7,5,12,0.888888,1.875,0.904534
6,1,44,9,8,176.715,1,,,,,,,,,7,5,13,2.66071,1.21739,0.806111
6,1,45,9,8,176.715,1,,,,,,,,,7,5,14,1.34259,1.8,0.944749
6,1,46,42,222.426,106.681,0.75,,,,,,,,,7,5,15,0.761904,1.75,0.652328
6,1,47,15,114.142,14.468,1,,,,,,,,,7,5,16,2.29333,1.38889,0.879144
6,1,48,161,635.563,0.500862,1,,,,,,,,,7,5,17,0.541666,2,0.8
6,1,49,15,114.142,14.468,1,,,,,,,,,7,5,18,6.58308,1.27083,0.781764
6,1,50,6,6,209.439,1.5,,,,,,,,,7,5,19,3.03348,1.2,0.673386
6,1,51,6,6,209.439,1.5,,,,,,,,,7,5,20,0.541666,2,0.8
6,2,1,34,216.569,0.910957,2.5,,,,,,,,,7,5,21,0.138889,2.99999,1
6,2,2,6,6,209.439,1.5,,,,,,,,,7,5,22,0.566666,2.49999,1
6,2,3,9,8,176.715,1,,,,,,,,,8,1,1,0.138889,2.99999,1
6,2,4,18,128.284,137.447,0.8,,,,,,,,,8,1,2,2.66348,1.40425,0.553668
6,2,5,9,8,176.715,1,,,,,,,,,8,1,3,4.77482,1.11905,0.575083
6,2,6,23,148.284,131.446,1,,,,,,,,,8,1,4,0.541666,2,0.8
6,2,7,21,16,103.084,233.333,,,,,,,,,8,1,5,7.68785,1.22124,0.73161
6,2,8,18,14,115.405,2,,,,,,,,,8,1,6,0.296296,2.24999,0.0000774597
6,2,9,55,318.995,0.679211,1.5,,,,,,,,,8,1,7,8.88768,1.024,0.821623
6,2,10,20,14,128.228,1.25,,,,,,,,,8,1,8,9.3723,1.09091,0.891533
6,2,11,9,8,176.715,1,,,,,,,,,8,1,9,3.01492,1.33333,0.622994
6,2,12,30,18,116.355,1.2,,,,,,,,,8,1,10,0.138889,2.99999,1
6,2,13,27,174.142,111.883,1.75,,,,,,,,,8,1,11,3.43889,1.15385,0.864493
6,2,14,22,148.284,125.731,1,,,,,,,,,8,1,12,11.7367,1.03226,0.684438
6,2,15,36,216.569,0.964543,1,,,,,,,,,8,1,13,6.18442,1.22727,0.870965
6,2,16,15,12,1.309,166.667,,,,,,,,,8,1,14,0.541666,2,0.8
6,2,17,24,168.284,106.496,1.75,,,,,,,,,8,1,15,8.15948,1.25301,0.957645
6,2,18,50,290.711,0.74346,0.8,,,,,,,,,8,1,16,2.34396,1.34884,0.515492
6,2,19,9,8,176.715,1,,,,,,,,,8,1,17,0.296296,2.24999,0.0000774597
6,2,20,36,216.569,0.964543,0.75,,,,,,,,,8,1,18,0.888888,1.875,0.904534
6,2,21,23,154.142,121.645,1.5,,,,,,,,,8,1,19,0.888888,1.875,0.904534
6,2,22,28,208.284,0.811064,0.857143,,,,,,,,,8,1,20,4.74862,1.27273,0.605325
6,2,23,15,114.142,14.468,1,,,,,,,,,8,1,21,0.296296,2.24999,0.0000774597
6,2,24,27,168.284,119.808,1.2,,,,,,,,,8,1,22,0.541666,2,0.8
6,2,25,9,8,176.715,1,,,,,,,,,8,1,23,1.47709,1.51724,0.5474
6,2,26,9,8,176.715,1,,,,,,,,,8,1,24,0.541666,2,0.8
6,2,27,42,228.284,101.276,133.333,,,,,,,,,8,1,25,6.13057,1.04673,0.510797
6,2,28,12,10,150.796,133.333,,,,,,,,,8,1,26,0.541666,2,0.8
6,2,29,29,196.569,0.943148,116.667,,,,,,,,,8,1,27,0.541666,2,0.8
6,2,30,57,276.569,0.936438,142.857,,,,,,,,,8,1,28,1.49233,1.51724,0.339037
6,2,31,71,341.421,0.765397,0.692308,,,,,,,,,8,1,29,1.57725,1.55555,0.853231
6,2,32,32,20,100.531,0.5,,,,,,,,,8,1,30,5.29203,1.225,0.792181
6,2,33,9,8,176.715,1,,,,,,,,,8,1,31,20.405,1.14433,0.95931
6,2,34,15,12,1.309,166.667,,,,,,,,,8,1,32,1.71818,1.33333,0.840635
6,2,35,12,10,150.796,0.75,,,,,,,,,8,1,33,0.541666,2,0.8
6,2,36,24,202.426,0.736015,116.667,,,,,,,,,8,1,34,3.59028,1.1875,0.601634
6,2,37,32,196.569,104.071,116.667,,,,,,,,,8,1,35,2.53663,1.42857,0.772309
6,2,38,9,8,176.715,1,,,,,,,,,8,1,36,1.34259,1.8,0.944749
6,2,39,29,188.284,102.797,0.5,,,,,,,,,8,2,1,0.541666,2,0.8
6,2,40,18,14,115.405,2,,,,,,,,,8,2,2,0.296296,2.24999,0.0000774597
6,2,41,25,182.426,0.944005,0.714286,,,,,,,,,8,2,3,3.8632,1.23529,0.68268
6,2,42,45,268.284,0.785655,3,,,,,,,,,8,2,4,0.888888,1.875,0.904534
6,3,1,18,168.284,0.798721,1.2,,,,,,,,,8,2,5,4.57785,1.18518,0.912058
6,3,2,9,8,176.715,1,,,,,,,,,8,2,6,4.25541,1.25,0.548252
6,3,3,21,16,103.084,233.333,,,,,,,,,8,2,7,4.35363,1.20548,0.684143
6,3,4,41,236.569,0.920619,1.5,,,,,,,,,8,2,8,1.25,1.66667,0.701269
6,3,5,9,8,176.715,1,,,,,,,,,8,2,9,3.55062,1.21429,0.829598
6,3,6,9,8,176.715,1,,,,,,,,,8,2,10,16.1986,1.09453,0.889157
6,3,7,9,8,176.715,1,,,,,,,,,8,2,11,1.70923,1.58621,0.825816
6,3,8,12,10,150.796,0.75,,,,,,,,,8,2,12,1.90021,1.42857,0.726406
6,3,9,9,8,176.715,1,,,,,,,,,8,2,13,3.43889,1.15385,0.864493
6,3,10,12,10,150.796,0.75,,,,,,,,,8,2,14,1.32974,1.46154,0.768027
6,3,11,32,228.284,0.771628,2.5,,,,,,,,,8,2,15,2.54219,1.3913,0.561414
6,3,12,9,8,176.715,1,,,,,,,,,8,2,16,1.11478,1.63636,0.729903
6,3,13,9,8,176.715,1,,,,,,,,,8,2,17,14.8312,1.0929,0.889182
6,3,14,9,8,176.715,1,,,,,,,,,8,2,18,0.888888,1.875,0.904534
6,3,15,12,10,150.796,0.75,,,,,,,,,8,2,19,3.81839,1.3125,0.664759
6,3,16,12,10,150.796,0.75,,,,,,,,,8,2,20,0.138889,2.99999,1
6,3,17,9,8,176.715,1,,,,,,,,,8,3,1,0.138889,2.99999,1
6,3,18,21,168.284,0.931842,1.2,,,,,,,,,8,3,2,0.296296,2.24999,0.0000774597
6,3,19,15,12,1.309,166.667,,,,,,,,,8,3,3,3.6807,1.25424,0.763681
6,3,20,56,278.995,0.904077,0.8,,,,,,,,,8,3,4,0.541666,2,0.8
6,3,21,52,256.569,0.992673,1,,,,,,,,,8,3,5,4.65921,1.31429,0.798762
6,3,22,12,10,150.796,133.333,,,,,,,,,8,3,6,0.541666,2,0.8
6,3,23,15,12,1.309,0.6,,,,,,,,,8,3,7,6.39062,1.10891,0.796614
6,3,24,71,353.137,0.715454,0.692308,,,,,,,,,8,3,8,15.7066,1.12676,0.959735
6,3,25,45,236.569,101.044,114.286,,,,,,,,,8,3,9,3.3688,1.28814,0.665384
6,3,26,68,338.995,0.743588,1.1,,,,,,,,,8,3,10,2.26602,1.52941,0.880819
6,3,27,15,114.142,14.468,1,,,,,,,,,8,3,11,1.34259,1.8,0.944749
6,3,28,59,338.995,0.645172,0.75,,,,,,,,,8,3,12,0.138889,2.99999,1
6,3,29,218,89.598,0.341248,0.514286,,,,,,,,,8,3,13,4.3044,1.32308,0.727434
6,3,30,9,8,176.715,1,,,,,,,,,8,3,14,13.4628,1.56923,0.995223
6,3,31,15,12,1.309,0.6,,,,,,,,,8,4,1,0.541666,2,0.8
6,3,32,6,6,209.439,0.666667,,,,,,,,,8,4,2,3.19199,1.41176,0.662648
6,3,33,15,12,1.309,0.6,,,,,,,,,8,4,3,1.1459,1.63636,0.672944
6,3,34,9,8,176.715,1,,,,,,,,,8,4,4,1.1459,1.63636,0.672944
6,3,35,18,14,115.405,2,,,,,,,,,8,4,5,2.40476,1.2973,0.878031
6,3,36,20,14,128.228,1.25,,,,,,,,,8,4,6,3.4423,1.41176,0.83692
6,3,37,43,236.569,0.965527,114.286,,,,,,,,,8,4,7,23.1575,1.06122,0.927621
6,3,38,118,483.848,0.633395,0.666667,,,,,,,,,8,4,8,9.38512,1.03106,0.632671
6,3,39,43,256.569,0.820865,1,,,,,,,,,8,4,9,0.888888,1.875,0.904534
6,3,40,87,383.848,0.742012,0.923077,,,,,,,,,8,5,1,0.296296,2.24999,0.0000774597
6,3,41,9,8,176.715,1,,,,,,,,,8,5,2,11.4931,1.02158,0.895358
6,3,42,12,10,150.796,133.333,,,,,,,,,8,5,3,4.11544,1.07042,0.751181
6,3,43,12,10,150.796,0.75,,,,,,,,,8,5,4,6.54305,1.17172,0.807829
6,3,44,23,154.142,121.645,0.666667,,,,,,,,,8,5,5,23.0604,1.04059,0.909605
6,3,45,9,8,176.715,1,,,,,,,,,9,1,1,14.3241,1.28571,0.951792
6,3,46,19,134.142,132.688,1.25,,,,,,,,,9,1,2,0.3125,2.66666,1
6,3,47,9,8,176.715,1,,,,,,,,,9,1,3,2.33657,1.54286,0.887945
6,4,1,12,10,150.796,133.333,,,,,,,,,9,1,4,1.34259,1.8,0.944749
6,4,2,12,10,150.796,133.333,,,,,,,,,9,1,5,4.49653,1.37143,0.73209
6,4,3,42,22,109.047,116.667,,,,,,,,,9,1,6,1.34259,1.8,0.944749
6,4,4,15,12,1.309,0.6,,,,,,,,,9,1,10,2.45673,1.33333,0.831089
6,4,5,15,114.142,14.468,1,,,,,,,,,9,1,11,1.34259,1.8,0.944749
6,4,6,15,12,1.309,166.667,,,,,,,,,9,1,12,2.46563,1.39535,0.689319
6,4,7,9,8,176.715,1,,,,,,,,,9,1,13,0.296296,2.24999,0.0000774597
6,4,8,12,10,150.796,0.75,,,,,,,,,9,1,14,2.77112,1.26087,0.778515
6,4,9,12,10,150.796,133.333,,,,,,,,,9,2,1,6.83337,1.13043,0.584704
6,4,10,9,8,176.715,1,,,,,,,,,9,2,2,2.16442,1.47368,0.614166
6,4,11,18,14,115.405,2,,,,,,,,,9,2,3,8.38118,1.16129,0.782478
6,4,12,12,10,150.796,0.75,,,,,,,,,9,2,6,0.541666,2,0.8
6,4,13,15,12,1.309,0.6,,,,,,,,,9,2,7,1.34259,1.8,0.944749
6,4,14,9,8,176.715,1,,,,,,,,,9,3,1,0.296296,2.24999,0.0000774597
6,4,15,15,12,1.309,0.6,,,,,,,,,9,3,2,3.7433,1.24242,0.54877
6,4,16,15,12,1.309,0.6,,,,,,,,,9,3,3,0.296296,2.24999,0.0000774597
6,4,17,22,148.284,125.731,1.5,,,,,,,,,9,3,4,5.74996,1.06796,0.55682
6,4,18,39,230.711,0.920744,114.286,,,,,,,,,9,3,5,0.541666,2,0.8
6,4,19,15,12,1.309,166.667,,,,,,,,,9,3,6,0.296296,2.24999,0.0000774597
6,4,20,20,14,128.228,0.8,,,,,,,,,9,3,7,0.296296,2.24999,0.0000774597
6,4,21,9,8,176.715,1,,,,,,,,,9,3,8,1.19921,1.65217,0.696279
6,4,22,70,313.137,0.897096,1,,,,,,,,,9,3,9,0.296296,2.24999,0.0000774597
6,4,23,34,224.853,0.845069,0.666667,,,,,,,,,9,3,10,0.888888,1.875,0.904534
6,4,24,39,210.711,110.383,1,,,,,,,,,9,3,11,0.496326,2,0.785416
6,4,25,19,134.142,132.688,0.8,,,,,,,,,9,4,1,0.138889,2.99999,1
6,4,26,39,214.142,106.874,0.857143,,,,,,,,,9,4,2,0.296296,2.24999,0.0000774597
6,4,27,15,12,1.309,0.6,,,,,,,,,9,4,3,0.296296,2.24999,0.0000774597
6,4,28,35,202.426,107.336,1.6,,,,,,,,,9,4,4,0.541666,2,0.8
6,4,29,71,335.563,0.792353,0.692308,,,,,,,,,9,4,5,4.00505,1.23529,0.6259
6,4,30,9,8,176.715,1,,,,,,,,,9,4,6,0.296296,2.24999,0.0000774597
6,4,31,12,10,150.796,0.75,,,,,,,,,9,5,1,3.62977,1.29167,0.91243
6,4,32,27,222.426,0.685805,1,,,,,,,,,9,5,2,3.99056,1.15068,0.509553
6,4,33,9,8,176.715,1,,,,,,,,,9,5,3,0.296296,2.24999,0.0000774597
6,4,34,9,8,176.715,1,,,,,,,,,9,5,4,14.7935,1.0582,0.797621
6,4,35,18,14,115.405,2,,,,,,,,,10,1,1,3.63095,1.4,0.583643
6,4,36,6,6,209.439,0.666667,,,,,,,,,10,1,2,2.90031,1.66667,0.974656
6,5,1,57,284.853,0.882762,0.8,,,,,,,,,10,1,3,0.138889,2.99999,1
6,5,2,34,216.569,0.910957,0.555556,,,,,,,,,10,1,4,1.60166,1.57143,0.830689
6,5,3,9,8,176.715,1,,,,,,,,,10,1,5,3.40364,1.39286,0.609614
6,5,4,59,264.853,105.695,0.7,,,,,,,,,10,1,6,3.68263,1.30159,0.469874
6,5,5,83,355.563,0.824999,109.091,,,,,,,,,10,1,11,0.296296,2.24999,0.0000774597
6,5,6,15,12,1.309,166.667,,,,,,,,,10,1,12,0.541666,2,0.8
6,5,7,9,8,176.715,1,,,,,,,,,10,1,13,0.541666,2,0.8
6,5,8,51,270.711,0.874519,0.888889,,,,,,,,,10,1,14,1.19921,1.65217,0.696279
6,5,9,12,10,150.796,0.75,,,,,,,,,10,1,15,3.91389,1.31343,0.355465
6,5,10,46,262.426,0.839368,1,,,,,,,,,10,1,16,2.27778,1.5,0.634099
6,5,11,21,188.284,0.744391,1,,,,,,,,,10,1,17,0.296296,2.24999,0.0000774597
6,5,12,74,335.563,0.825833,1,,,,,,,,,10,1,18,2.84556,1.375,0.582934
6,5,13,31,196.569,100.819,0.857143,,,,,,,,,10,1,19,0.541666,2,0.8
6,5,14,21,16,103.084,233.333,,,,,,,,,10,1,20,2.90867,1.44681,0.772059
6,5,15,23,148.284,131.446,1,,,,,,,,,10,1,21,0.888888,1.875,0.904534
6,5,16,22,162.426,10.479,0.833333,,,,,,,,,10,1,22,0.296296,2.24999,0.0000774597
6,5,17,15,12,1.309,0.6,,,,,,,,,10,1,23,1.70923,1.58621,0.825816
6,5,18,43,244.853,0.901297,0.6,,,,,,,,,10,1,24,4.66652,1.21519,0.657755
6,5,19,18,134.142,125.705,0.8,,,,,,,,,10,1,25,4.43828,1.1831,0.833877
6,5,20,12,10,150.796,133.333,,,,,,,,,10,1,26,0.296296,2.24999,0.0000774597
6,5,21,19,134.142,132.688,0.8,,,,,,,,,10,1,27,3.1558,1.35849,0.674389
7,1,1,6,6,209.439,1.5,,,,,,,,,10,1,28,0.888888,1.875,0.904534
7,1,2,6,6,209.439,1.5,,,,,,,,,10,1,29,3.26806,1.4,0.828958
7,1,3,32,194.142,106.689,1.4,,,,,,,,,10,1,30,0.541666,2,0.8
7,1,4,12,10,150.796,0.75,,,,,,,,,10,1,31,4.36608,1.07143,0.890149
7,1,5,15,12,1.309,166.667,,,,,,,,,10,1,32,3.2817,1.38182,0.598849
7,1,6,9,8,176.715,1,,,,,,,,,10,1,33,0.888888,1.875,0.904534
7,1,7,74,370.711,0.676661,144.444,,,,,,,,,10,1,34,3.20705,1.35849,0.571966
7,1,8,46,230.711,108.601,0.875,,,,,,,,,10,1,35,13.4596,0.953642,0.879643
7,1,9,29,196.569,0.943148,116.667,,,,,,,,,10,1,36,2.0849,1.24324,0.79166
7,1,10,85,369.706,0.781478,1.4,,,,,,,,,10,1,37,0.296296,2.24999,0.0000774597
7,1,11,28,168.284,124.246,1.2,,,,,,,,,10,1,38,0.888888,1.875,0.904534
7,1,12,30,216.569,0.803786,1,,,,,,,,,10,1,39,0.541666,2,0.8
7,1,13,35,214.142,0.959122,2.25,,,,,,,,,10,1,40,0.138889,2.99999,1
7,1,14,15,12,1.309,166.667,,,,,,,,,10,2,1,2.30587,1.38095,0.398708
7,1,15,105,47.799,0.577513,0.764706,,,,,,,,,10,2,2,23.2018,0.909091,0.568317
7,1,16,41,230.711,0.967962,0.666667,,,,,,,,,10,2,3,3.24335,1.28571,0.572816
7,1,17,15,12,1.309,0.6,,,,,,,,,10,2,4,0.888888,1.875,0.904534
7,1,18,38,216.569,101.813,1,,,,,,,,,10,2,5,3.76025,1.32258,0.711709
7,1,19,65,290.711,0.966499,1,,,,,,,,,10,2,6,0.296296,2.24999,0.0000774597
7,1,20,26,176.569,104.799,1.4,,,,,,,,,10,2,7,1.34259,1.8,0.944749
7,1,21,15,12,1.309,0.6,,,,,,,,,10,2,8,3.79048,1.34615,0.893586
7,1,22,9,8,176.715,1,,,,,,,,,10,2,9,0.296296,2.24999,0.0000774597
7,1,23,30,18,116.355,1.2,,,,,,,,,10,2,10,6.05121,1.04167,0.785275
7,1,24,48,244.853,10.061,0.6,,,,,,,,,10,2,11,0.800217,1.7647,0.449734
7,1,25,78,336.569,0.865282,0.666667,,,,,,,,,10,2,12,2.22227,1.48718,0.63289
7,1,26,15,114.142,14.468,1,,,,,,,,,10,2,13,0.496326,2,0.785415
7,1,27,18,14,115.405,2,,,,,,,,,10,2,15,4.10438,1.23944,0.492419
7,1,28,9,8,176.715,1,,,,,,,,,10,2,16,2.53663,1.42857,0.772309
7,1,30,23,154.142,121.645,1.5,,,,,,,,,10,2,17,7.56737,1.19192,0.881936
7,1,31,16,12,139.626,1,,,,,,,,,10,2,18,0.138889,2.99999,1
7,1,32,27,222.426,0.685805,0.75,,,,,,,,,10,2,19,0.3125,2.66666,1
7,1,33,37,222.426,0.939807,1,,,,,,,,,10,3,1,1.34259,1.8,0.944749
7,1,34,42,296.569,0.60008,0.8,,,,,,,,,10,3,2,0.541666,2,0.8
7,1,35,33,234.142,0.756423,1,,,,,,,,,10,3,3,0.541666,2,0.8
7,1,36,9,8,176.715,1,,,,,,,,,10,3,4,2.54839,1.40909,0.748442
7,1,37,77,375.563,0.686015,118.182,,,,,,,,,10,3,5,1.34259,1.8,0.944749
7,1,38,9,8,176.715,1,,,,,,,,,10,3,6,1.41979,1.5,0.60988
7,1,39,27,174.142,111.883,1.75,,,,,,,,,10,3,7,7.16789,1.23529,0.818
7,1,40,16,12,139.626,1,,,,,,,,,10,3,8,6.36055,1.11688,0.886987
7,1,41,12,10,150.796,133.333,,,,,,,,,10,3,9,0.541666,2,0.8
7,1,42,18,148.284,102.871,0.666667,,,,,,,,,10,3,10,1.34259,1.8,0.944749
7,1,43,44,330.711,0.505552,0.818182,,,,,,,,,10,3,11,3.23196,1.30435,0.911043
7,1,44,9,8,176.715,1,,,,,,,,,10,3,12,3.51374,1.34545,0.758732
7,1,45,41,262.426,0.748133,128.571,,,,,,,,,10,3,15,0.888888,1.875,0.904534
7,1,46,15,12,1.309,0.6,,,,,,,,,10,3,16,0.541666,2,0.8
7,1,47,12,10,150.796,0.75,,,,,,,,,10,4,1,0.888888,1.875,0.904534
7,1,48,31,182.426,117.057,1.4,,,,,,,,,10,4,2,0.541666,2,0.8
7,1,49,12,10,150.796,0.75,,,,,,,,,10,4,3,4.81914,1.29114,0.663651
7,1,50,18,14,115.405,2,,,,,,,,,10,4,4,0.541666,2,0.8
7,1,51,18,14,115.405,2,,,,,,,,,10,4,5,0.296296,2.24999,0.0000774597
7,1,52,18,168.284,0.798721,0.833333,,,,,,,,,10,4,6,0.296296,2.24999,0.0000774597
7,1,53,184,63.799,0.568068,176.923,,,,,,,,,10,4,7,0.541666,2,0.8
7,1,54,12,10,150.796,133.333,,,,,,,,,10,5,1,1.77244,1.375,0.779978
7,1,55,28,168.284,124.246,1.2,,,,,,,,,10,5,3,0.888888,1.875,0.904534
7,1,56,15,12,1.309,0.6,,,,,,,,,10,5,4,0.138889,2.99999,1
7,1,57,9,8,176.715,1,,,,,,,,,10,6,1,0.888888,1.875,0.904534
7,1,58,9,8,176.715,1,,,,,,,,,10,6,2,10.3578,0.965035,0.623429
7,1,59,12,10,150.796,133.333,,,,,,,,,10,6,5,0.296296,2.24999,0.0000774597
7,1,60,15,12,1.309,166.667,,,,,,,,,11,1,1,2.03083,1.48571,0.710842
7,1,61,61,307.279,0.811845,1,,,,,,,,,11,1,6,0.296296,2.24999,0.0000774597
7,1,62,34,196.569,110.576,116.667,,,,,,,,,11,1,7,0.296296,2.24999,0.0000774597
7,1,63,6,6,209.439,1.5,,,,,,,,,11,1,8,2.07499,1.5,0.660537
7,2,1,13,114.142,12.539,166.667,,,,,,,,,11,1,9,0.541666,2,0.8
7,2,2,39,202.426,119.602,0.857143,,,,,,,,,11,1,10,0.296296,2.24999,0.0000774597
7,2,3,12,10,150.796,0.75,,,,,,,,,11,1,11,2.94686,1.33333,0.636775
7,2,4,9,8,176.715,1,,,,,,,,,11,1,12,4.41262,1.29577,0.710671
7,2,5,29,196.569,0.943148,116.667,,,,,,,,,11,1,13,1.90476,1.75,0.964486
7,2,6,22,148.284,125.731,0.666667,,,,,,,,,11,1,14,0.3125,2.66666,1
7,2,7,12,10,150.796,0.75,,,,,,,,,11,1,15,0.296296,2.24999,0.0000774597
7,2,8,12,10,150.796,0.75,,,,,,,,,11,1,16,4.33856,1.17333,0.44556
7,2,9,21,168.284,0.931842,0.833333,,,,,,,,,11,1,17,1.19921,1.65217,0.696279
7,2,10,19,134.142,132.688,1.25,,,,,,,,,11,1,18,5.4721,1.26437,0.62491
7,2,11,41,216.569,109.851,0.75,,,,,,,,,11,1,19,3.3736,1.36842,0.587793
7,2,12,24,18,0.930842,0.375,,,,,,,,,11,1,20,6.19657,1.16832,0.622507
7,2,13,36,228.284,0.868081,1,,,,,,,,,11,1,21,5.74194,1.28736,0.699434
7,2,14,21,16,103.084,233.333,,,,,,,,,11,1,22,1.15278,1.63636,0.719855
7,2,15,27,176.569,10.883,0.714286,,,,,,,,,11,1,23,0.541666,2,0.8
7,2,16,15,12,1.309,0.6,,,,,,,,,11,1,24,0.541666,2,0.8
7,2,17,33,188.284,116.976,1,,,,,,,,,11,1,25,1.34259,1.8,0.944749
7,2,18,61,298.995,0.857456,0.727273,,,,,,,,,11,1,26,0.296296,2.24999,0.0000774597
7,2,19,12,10,150.796,133.333,,,,,,,,,11,1,27,4.25996,1.27536,0.582796
7,2,20,12,10,150.796,133.333,,,,,,,,,11,1,28,0.138889,2.99999,1
7,2,21,54,284.853,0.836301,1.25,,,,,,,,,11,1,29,7.15229,1.21818,0.705717
7,2,24,15,114.142,14.468,1,,,,,,,,,11,1,30,7.17807,1.02655,0.844431
7,2,26,25,162.426,119.079,0.833333,,,,,,,,,11,1,31,3.38584,1.36842,0.64335
7,2,27,26,168.284,115.371,1.2,,,,,,,,,11,1,32,5.50703,1.22222,0.539552
7,2,28,65,298.995,0.913683,0.727273,,,,,,,,,11,1,33,0.138889,2.99999,1
7,2,29,21,16,103.084,233.333,,,,,,,,,11,1,34,0.138889,2.99999,1
7,2,30,23,154.142,121.645,1.5,,,,,,,,,11,2,1,3.06548,1.66667,0.977813
7,2,31,9,8,176.715,1,,,,,,,,,11,2,2,0.138889,2.99999,1
7,2,32,15,12,1.309,0.6,,,,,,,,,11,2,3,5.36457,1.20455,0.670692
7,2,33,12,10,150.796,133.333,,,,,,,,,11,2,4,8.64661,1.15966,0.867953
7,2,34,9,8,176.715,1,,,,,,,,,11,2,5,3.72456,1.32258,0.697111
7,3,1,6,6,209.439,1.5,,,,,,,,,11,2,6,0.138889,2.99999,1
7,3,2,26,168.284,115.371,0.571429,,,,,,,,,11,2,7,2.17839,1.3,0.701525
7,3,3,9,8,176.715,1,,,,,,,,,11,2,8,3.49495,1.26923,0.890791
7,3,4,15,12,1.309,0.6,,,,,,,,,11,2,9,4.66735,1.34328,0.81728
7,3,5,24,16,11.781,0.666667,,,,,,,,,11,2,10,2.19571,1.33333,0.486086
7,3,6,20,14,128.228,0.8,,,,,,,,,11,2,11,2.89352,1.44,0.0000332142
7,3,7,12,10,150.796,0.75,,,,,,,,,11,2,12,5.93196,1.25581,0.834766
7,3,8,18,134.142,125.705,0.8,,,,,,,,,11,2,13,2.84848,1.43478,0.77008
7,3,9,9,8,176.715,1,,,,,,,,,11,2,14,0.800217,1.7647,0.449734
7,3,10,9,8,176.715,1,,,,,,,,,11,2,15,1.77083,1.6,0.834847
7,3,11,15,12,1.309,0.6,,,,,,,,,11,2,16,0.296296,2.24999,0.0000774597
7,3,12,85,344.853,0.898176,133.333,,,,,,,,,11,2,17,0.541666,2,0.8
7,3,13,105,555.563,0.427496,154.545,,,,,,,,,11,2,18,0.296296,2.24999,0.0000774597
7,3,14,9,8,176.715,1,,,,,,,,,11,2,19,0.541666,2,0.8
7,3,15,9,8,176.715,1,,,,,,,,,11,2,20,0.296296,2.24999,0.0000774597
7,3,16,9,8,176.715,1,,,,,,,,,11,2,21,0.296296,2.24999,0.0000774597
7,3,17,20,14,128.228,0.8,,,,,,,,,11,2,23,3.27206,1.14286,0.853226
7,3,18,9,8,176.715,1,,,,,,,,,11,2,25,3.79167,1.42857,0.850607
7,3,19,32,202.426,0.981354,0.857143,,,,,,,,,11,2,26,2.2275,1.33333,0.761069
7,3,20,31,194.142,103.355,2,,,,,,,,,11,2,27,0.296296,2.24999,0.0000774597
7,3,21,9,8,176.715,1,,,,,,,,,11,2,29,5.16948,1.13253,0.804525
7,3,22,26,208.284,0.753131,0.857143,,,,,,,,,11,2,30,0.541666,2,0.8
7,3,23,9,8,176.715,1,,,,,,,,,11,2,31,0.541666,2,0.8
7,3,24,49,276.569,0.805008,0.7,,,,,,,,,11,2,32,3.74547,1.20588,0.576714
7,3,25,53,276.569,0.870723,0.7,,,,,,,,,11,2,33,1.90476,1.75,0.964486
7,3,26,9,8,176.715,1,,,,,,,,,11,2,34,1.81944,1.41176,0.67248
7,3,27,12,10,150.796,0.75,,,,,,,,,11,2,35,2.98711,1.29412,0.684163
7,3,28,9,8,176.715,1,,,,,,,,,11,2,36,1.1459,1.63636,0.672944
7,3,29,22,148.284,125.731,1,,,,,,,,,11,2,37,5.67699,1.26667,0.410829
7,3,30,24,16,11.781,0.666667,,,,,,,,,11,3,1,0.138889,2.99999,1
7,3,31,18,14,115.405,2,,,,,,,,,11,3,2,1.34259,1.8,0.944749
7,3,32,18,14,115.405,0.5,,,,,,,,,11,3,3,1.77083,1.6,0.834847
7,3,33,114,440.416,0.738564,0.8125,,,,,,,,,11,3,4,5.56486,1.19101,0.782701
7,3,34,12,10,150.796,133.333,,,,,,,,,11,3,5,3.70859,1.39286,0.674732
7,3,35,9,8,176.715,1,,,,,,,,,11,3,6,1.34259,1.8,0.944749
7,3,36,6,6,209.439,1.5,,,,,,,,,11,3,7,2.27778,1.5,0.634099
7,4,1,30,184.853,110.326,0.857143,,,,,,,,,11,3,8,2.89352,1.44,0.0000332142
7,4,2,21,16,103.084,0.428571,,,,,,,,,11,3,10,1.25,1.66667,0.701269
7,4,3,9,8,176.715,1,,,,,,,,,11,3,11,0.541666,2,0.8
7,4,4,12,10,150.796,133.333,,,,,,,,,11,3,12,3.12038,1.31915,0.845216
7,4,5,27,176.569,10.883,0.714286,,,,,,,,,11,3,13,0.296296,2.24999,0.0000774597
7,4,6,9,8,176.715,1,,,,,,,,,11,3,14,4.18056,1.26471,0.77293
7,4,7,12,10,150.796,0.75,,,,,,,,,11,3,15,0.138889,2.99999,1
7,4,8,9,8,176.715,1,,,,,,,,,11,3,16,0.296296,2.24999,0.0000774597
7,4,9,9,8,176.715,1,,,,,,,,,11,3,17,4.8614,1.2987,0.534693
7,4,10,12,10,150.796,0.75,,,,,,,,,11,3,18,5.68287,1.23077,0.652712
7,4,11,23,168.284,102.059,1.2,,,,,,,,,11,3,19,0.296296,2.24999,0.0000774597
7,4,12,18,134.142,125.705,1.25,,,,,,,,,11,3,20,0.541666,2,0.8
7,4,13,34,210.711,0.962312,0.75,,,,,,,,,11,3,21,0.296296,2.24999,0.0000774597
7,4,14,9,8,176.715,1,,,,,,,,,11,3,22,2.32404,1.31707,0.639003
7,4,15,18,14,115.405,0.5,,,,,,,,,11,4,1,0.138889,2.99999,1
7,4,16,38,250.711,0.75971,1,,,,,,,,,11,4,2,0.296296,2.24999,0.0000774597
7,4,17,12,10,150.796,133.333,,,,,,,,,11,4,3,0.541666,2,0.8
7,4,18,9,8,176.715,1,,,,,,,,,11,4,4,4.04983,1.13889,0.724303
7,4,19,12,10,150.796,133.333,,,,,,,,,11,4,6,0.296296,2.24999,0.0000774597
7,4,20,41,256.569,0.782685,1,,,,,,,,,11,5,1,0.541666,2,0.8
7,4,21,12,10,150.796,133.333,,,,,,,,,11,5,2,1.77083,1.6,0.834847
7,4,23,13,114.142,12.539,0.6,,,,,,,,,11,5,3,0.541666,2,0.8
7,4,24,19,134.142,132.688,0.8,,,,,,,,,11,6,1,0.296296,2.24999,0.0000774597
7,4,25,45,236.569,101.044,114.286,,,,,,,,,11,6,2,0.296296,2.24999,0.0000774597
7,4,26,15,12,1.309,0.6,,,,,,,,,11,6,3,0.138889,2.99999,1
7,4,27,49,253.137,0.960936,0.7,,,,,,,,,11,6,4,4.37943,1.04348,0.82397
7,4,28,12,10,150.796,0.75,,,,,,,,,,,,,,
7,4,29,12,10,150.796,133.333,,,,,,,,,,,,,,
7,4,30,21,168.284,0.931842,266.667,,,,,,,,,,,,,,
7,5,1,19,134.142,132.688,0.8,,,,,,,,,,,,,,
7,5,2,25,162.426,119.079,0.833333,,,,,,,,,,,,,,
7,5,3,15,12,1.309,166.667,,,,,,,,,,,,,,
7,5,4,46,244.853,0.964179,1,,,,,,,,,,,,,,
7,5,5,50,230.711,118.044,114.286,,,,,,,,,,,,,,
7,5,6,9,8,176.715,1,,,,,,,,,,,,,,
7,5,7,18,128.284,137.447,0.8,,,,,,,,,,,,,,
7,5,8,9,8,176.715,1,,,,,,,,,,,,,,
7,5,9,12,10,150.796,0.75,,,,,,,,,,,,,,
7,5,10,34,188.284,12.052,1,,,,,,,,,,,,,,
7,5,12,15,12,1.309,0.6,,,,,,,,,,,,,,
7,5,13,28,196.569,0.910626,0.857143,,,,,,,,,,,,,,
7,5,14,18,14,115.405,2,,,,,,,,,,,,,,
7,5,15,14,108.284,15.004,1,,,,,,,,,,,,,,
7,5,16,25,176.569,100.768,0.714286,,,,,,,,,,,,,,
7,5,17,12,10,150.796,133.333,,,,,,,,,,,,,,
7,5,18,61,276.569,100.215,0.7,,,,,,,,,,,,,,
7,5,19,33,210.711,0.934008,1,,,,,,,,,,,,,,
7,5,20,12,10,150.796,0.75,,,,,,,,,,,,,,
7,5,21,6,6,209.439,1.5,,,,,,,,,,,,,,
7,5,22,10,10,125.664,2.5,,,,,,,,,,,,,,
8,1,1,6,6,209.439,1.5,,,,,,,,,,,,,,
8,1,2,33,188.284,116.976,1,,,,,,,,,,,,,,
8,1,3,47,264.853,0.841974,1.125,,,,,,,,,,,,,,
8,1,4,12,10,150.796,0.75,,,,,,,,,,,,,,
8,1,5,69,287.279,105.063,111.111,,,,,,,,,,,,,,
8,1,6,9,8,176.715,1,,,,,,,,,,,,,,
8,1,7,64,344.853,0.676273,0.615385,,,,,,,,,,,,,,
8,1,8,60,342.426,0.643023,185.714,,,,,,,,,,,,,,
8,1,9,36,202.426,110.402,116.667,,,,,,,,,,,,,,
8,1,10,6,6,209.439,0.666667,,,,,,,,,,,,,,
8,1,11,30,216.569,0.803786,133.333,,,,,,,,,,,,,,
8,1,12,96,398.995,0.757786,0.846154,,,,,,,,,,,,,,
8,1,13,54,282.426,0.850732,183.333,,,,,,,,,,,,,,
8,1,14,12,10,150.796,0.75,,,,,,,,,,,,,,
8,1,15,52,302.426,0.714453,2.6,,,,,,,,,,,,,,
8,1,16,29,176.569,116.891,1,,,,,,,,,,,,,,
8,1,17,9,8,176.715,1,,,,,,,,,,,,,,
8,1,18,15,12,1.309,0.6,,,,,,,,,,,,,,
8,1,19,15,12,1.309,0.6,,,,,,,,,,,,,,
8,1,20,49,236.569,110.025,0.875,,,,,,,,,,,,,,
8,1,21,9,8,176.715,1,,,,,,,,,,,,,,
8,1,22,12,10,150.796,133.333,,,,,,,,,,,,,,
8,1,23,22,154.142,116.356,1,,,,,,,,,,,,,,
8,1,24,12,10,150.796,133.333,,,,,,,,,,,,,,
8,1,25,56,310.711,0.72893,111.111,,,,,,,,,,,,,,
8,1,26,12,10,150.796,133.333,,,,,,,,,,,,,,
8,1,27,12,10,150.796,133.333,,,,,,,,,,,,,,
8,1,28,22,148.284,125.731,1,,,,,,,,,,,,,,
8,1,29,21,154.142,111.067,1.5,,,,,,,,,,,,,,
8,1,30,49,258.995,0.917959,0.7,,,,,,,,,,,,,,
8,1,31,111,462.426,0.6523,0.368421,,,,,,,,,,,,,,
8,1,32,20,168.284,0.887468,1.2,,,,,,,,,,,,,,
8,1,33,12,10,150.796,133.333,,,,,,,,,,,,,,
8,1,34,38,236.569,0.853256,114.286,,,,,,,,,,,,,,
8,1,35,30,182.426,113.281,0.714286,,,,,,,,,,,,,,
8,1,36,18,14,115.405,0.5,,,,,,,,,,,,,,
8,2,1,12,10,150.796,0.75,,,,,,,,,,,,,,
8,2,2,9,8,176.715,1,,,,,,,,,,,,,,
8,2,3,42,236.569,0.943073,114.286,,,,,,,,,,,,,,
8,2,4,15,12,1.309,166.667,,,,,,,,,,,,,,
8,2,5,32,248.284,0.652321,2,,,,,,,,,,,,,,
8,2,6,45,230.711,10.624,114.286,,,,,,,,,,,,,,
8,2,7,44,238.995,0.968022,0.777778,,,,,,,,,,,,,,
8,2,8,20,14,128.228,0.8,,,,,,,,,,,,,,
8,2,9,34,216.569,0.910957,0.75,,,,,,,,,,,,,,
8,2,10,110,426.274,0.760719,0.75,,,,,,,,,,,,,,
8,2,11,23,154.142,121.645,0.666667,,,,,,,,,,,,,,
8,2,12,25,168.284,110.934,1.2,,,,,,,,,,,,,,
8,2,13,30,216.569,0.803786,0.75,,,,,,,,,,,,,,
8,2,14,19,148.284,108.586,1,,,,,,,,,,,,,,
8,2,15,32,194.142,106.689,1,,,,,,,,,,,,,,
8,2,16,18,134.142,125.705,0.8,,,,,,,,,,,,,,
8,2,17,100,39.799,0.793352,0.857143,,,,,,,,,,,,,,
8,2,18,15,12,1.309,166.667,,,,,,,,,,,,,,
8,2,19,42,222.426,106.681,1,,,,,,,,,,,,,,
8,2,20,6,6,209.439,1.5,,,,,,,,,,,,,,
8,3,1,6,6,209.439,1.5,,,,,,,,,,,,,,
8,3,2,9,8,176.715,1,,,,,,,,,,,,,,
8,3,3,37,216.569,0.991336,0.75,,,,,,,,,,,,,,
8,3,4,12,10,150.796,133.333,,,,,,,,,,,,,,
8,3,5,46,236.569,103.289,1.5,,,,,,,,,,,,,,
8,3,6,12,10,150.796,0.75,,,,,,,,,,,,,,
8,3,7,56,298.995,0.787173,111.111,,,,,,,,,,,,,,
8,3,8,80,392.132,0.653785,1,,,,,,,,,,,,,,
8,3,9,38,216.569,101.813,1,,,,,,,,,,,,,,
8,3,10,26,168.284,115.371,1.75,,,,,,,,,,,,,,
8,3,11,18,14,115.405,2,,,,,,,,,,,,,,
8,3,12,6,6,209.439,0.666667,,,,,,,,,,,,,,
8,3,13,43,224.853,106.876,114.286,,,,,,,,,,,,,,
8,3,14,51,374.142,0.457833,0.166667,,,,,,,,,,,,,,
8,4,1,12,10,150.796,133.333,,,,,,,,,,,,,,
8,4,2,36,202.426,110.402,0.857143,,,,,,,,,,,,,,
8,4,3,18,128.284,137.447,1.25,,,,,,,,,,,,,,
8,4,4,18,128.284,137.447,0.8,,,,,,,,,,,,,,
8,4,5,24,188.284,0.850732,1.4,,,,,,,,,,,,,,
8,4,6,36,202.426,110.402,0.625,,,,,,,,,,,,,,
8,4,7,130,491.127,0.677276,0.941176,,,,,,,,,,,,,,
8,4,8,83,375.563,0.739471,118.182,,,,,,,,,,,,,,
8,4,9,15,12,1.309,166.667,,,,,,,,,,,,,,
8,5,1,9,8,176.715,1,,,,,,,,,,,,,,
8,5,2,71,378.995,0.621157,1.875,,,,,,,,,,,,,,
8,5,3,38,250.711,0.75971,1,,,,,,,,,,,,,,
8,5,4,58,281.421,0.920288,111.111,,,,,,,,,,,,,,
8,5,5,141,511.127,0.678221,1,,,,,,,,,,,,,,
9,1,1,90,38,0.783223,0.4,,,,,,,,,,,,,,
9,1,2,8,8,15.708,0.5,,,,,,,,,,,,,,
9,1,3,27,174.142,111.883,1.75,,,,,,,,,,,,,,
9,1,4,18,14,115.405,2,,,,,,,,,,,,,,
9,1,5,48,24,10.472,0.75,,,,,,,,,,,,,,
9,1,6,18,14,115.405,2,,,,,,,,,,,,,,
9,1,10,26,188.284,0.921627,1.4,,,,,,,,,,,,,,
9,1,11,18,14,115.405,0.5,,,,,,,,,,,,,,
9,1,12,30,182.426,113.281,1,,,,,,,,,,,,,,
9,1,13,9,8,176.715,1,,,,,,,,,,,,,,
9,1,14,29,196.569,0.943148,116.667,,,,,,,,,,,,,,
9,2,1,65,298.995,0.913683,111.111,,,,,,,,,,,,,,
9,2,2,28,168.284,124.246,0.833333,,,,,,,,,,,,,,
9,2,3,72,328.284,0.839542,1.375,,,,,,,,,,,,,,
9,2,6,12,10,150.796,133.333,,,,,,,,,,,,,,
9,2,7,18,14,115.405,0.5,,,,,,,,,,,,,,
9,3,1,9,8,176.715,1,,,,,,,,,,,,,,
9,3,2,41,230.711,0.967962,114.286,,,,,,,,,,,,,,
9,3,3,9,8,176.715,1,,,,,,,,,,,,,,
9,3,4,55,293.137,0.804324,111.111,,,,,,,,,,,,,,
9,3,5,12,10,150.796,0.75,,,,,,,,,,,,,,
9,3,6,9,8,176.715,1,,,,,,,,,,,,,,
9,3,7,9,8,176.715,1,,,,,,,,,,,,,,
9,3,8,19,134.142,132.688,0.8,,,,,,,,,,,,,,
9,3,9,9,8,176.715,1,,,,,,,,,,,,,,
9,3,10,15,12,1.309,166.667,,,,,,,,,,,,,,
9,3,11,11,941.421,155.968,133.333,,,,,,,,,,,,,,
9,4,1,6,6,209.439,0.666667,,,,,,,,,,,,,,
9,4,2,9,8,176.715,1,,,,,,,,,,,,,,
9,4,3,9,8,176.715,1,,,,,,,,,,,,,,
9,4,4,12,10,150.796,133.333,,,,,,,,,,,,,,
9,4,5,42,230.711,0.991571,114.286,,,,,,,,,,,,,,
9,4,6,9,8,176.715,1,,,,,,,,,,,,,,
9,5,1,31,222.426,0.787406,0.555556,,,,,,,,,,,,,,
9,5,2,42,244.853,0.880337,1,,,,,,,,,,,,,,
9,5,3,9,8,176.715,1,,,,,,,,,,,,,,
9,5,4,100,424.853,0.696198,0.923077,,,,,,,,,,,,,,
10,1,1,42,22,109.047,0.857143,,,,,,,,,,,,,,
10,1,2,25,194.142,0.833509,3,,,,,,,,,,,,,,
10,1,3,6,6,209.439,1.5,,,,,,,,,,,,,,
10,1,4,22,154.142,116.356,1.5,,,,,,,,,,,,,,
10,1,5,39,208.284,11.297,116.667,,,,,,,,,,,,,,
10,1,6,41,216.569,109.851,1,,,,,,,,,,,,,,
10,1,11,9,8,176.715,1,,,,,,,,,,,,,,
10,1,12,12,10,150.796,133.333,,,,,,,,,,,,,,
10,1,13,12,10,150.796,0.75,,,,,,,,,,,,,,
10,1,14,19,134.142,132.688,1.25,,,,,,,,,,,,,,
10,1,15,44,222.426,111.761,1,,,,,,,,,,,,,,
10,1,16,30,18,116.355,0.833333,,,,,,,,,,,,,,
10,1,17,9,8,176.715,1,,,,,,,,,,,,,,
10,1,18,33,196.569,107.324,0.857143,,,,,,,,,,,,,,
10,1,19,12,10,150.796,0.75,,,,,,,,,,,,,,
10,1,20,34,194.142,113.357,1.4,,,,,,,,,,,,,,
10,1,21,15,12,1.309,166.667,,,,,,,,,,,,,,
10,1,22,9,8,176.715,1,,,,,,,,,,,,,,
10,1,23,23,154.142,121.645,1.5,,,,,,,,,,,,,,
10,1,24,48,244.853,10.061,128.571,,,,,,,,,,,,,,
10,1,25,42,250.711,0.839679,0.6,,,,,,,,,,,,,,
10,1,26,9,8,176.715,1,,,,,,,,,,,,,,
10,1,27,36,202.426,110.402,0.857143,,,,,,,,,,,,,,
10,1,28,15,12,1.309,0.6,,,,,,,,,,,,,,
10,1,29,35,202.426,107.336,0.625,,,,,,,,,,,,,,
10,1,30,12,10,150.796,133.333,,,,,,,,,,,,,,
10,1,31,30,242.426,0.641462,1.5,,,,,,,,,,,,,,
10,1,32,38,208.284,110.073,116.667,,,,,,,,,,,,,,
10,1,33,15,12,1.309,0.6,,,,,,,,,,,,,,
10,1,34,36,190.711,124.383,0.857143,,,,,,,,,,,,,,
10,1,35,72,398.995,0.568339,1.875,,,,,,,,,,,,,,
10,1,36,23,182.426,0.868485,1,,,,,,,,,,,,,,
10,1,37,9,8,176.715,1,,,,,,,,,,,,,,
10,1,38,15,12,1.309,0.6,,,,,,,,,,,,,,
10,1,39,12,10,150.796,0.75,,,,,,,,,,,,,,
10,1,40,6,6,209.439,1.5,,,,,,,,,,,,,,
10,2,1,29,182.426,109.505,1,,,,,,,,,,,,,,
10,2,2,175,603.848,0.603105,1.25,,,,,,,,,,,,,,
10,2,3,36,204.853,107.802,1,,,,,,,,,,,,,,
10,2,4,15,12,1.309,166.667,,,,,,,,,,,,,,
10,2,5,41,222.426,104.141,133.333,,,,,,,,,,,,,,
10,2,6,9,8,176.715,1,,,,,,,,,,,,,,
10,2,7,18,14,115.405,2,,,,,,,,,,,,,,
10,2,8,35,216.569,0.93775,0.555556,,,,,,,,,,,,,,
10,2,9,9,8,176.715,1,,,,,,,,,,,,,,
10,2,10,50,296.569,0.714381,1,,,,,,,,,,,,,,
10,2,11,15,114.142,14.468,1,,,,,,,,,,,,,,
10,2,12,29,174.142,120.171,1.2,,,,,,,,,,,,,,
10,2,13,11,941.421,155.968,0.75,,,,,,,,,,,,,,
10,2,15,44,236.569,0.987981,0.875,,,,,,,,,,,,,,
10,2,16,30,182.426,113.281,1.4,,,,,,,,,,,,,,
10,2,17,59,293.137,0.86282,111.111,,,,,,,,,,,,,,
10,2,18,6,6,209.439,0.666667,,,,,,,,,,,,,,
10,2,19,8,8,15.708,2,,,,,,,,,,,,,,
10,3,1,18,14,115.405,2,,,,,,,,,,,,,,
10,3,2,12,10,150.796,133.333,,,,,,,,,,,,,,
10,3,3,12,10,150.796,133.333,,,,,,,,,,,,,,
10,3,4,31,188.284,109.886,1.4,,,,,,,,,,,,,,
10,3,5,18,14,115.405,0.5,,,,,,,,,,,,,,
10,3,6,21,154.142,111.067,1,,,,,,,,,,,,,,
10,3,7,63,284.853,0.975684,0.8,,,,,,,,,,,,,,
10,3,8,43,282.426,0.677435,183.333,,,,,,,,,,,,,,
10,3,9,12,10,150.796,0.75,,,,,,,,,,,,,,
10,3,10,18,14,115.405,0.5,,,,,,,,,,,,,,
10,3,11,30,202.426,0.920019,1.6,,,,,,,,,,,,,,
10,3,12,37,204.853,110.797,133.333,,,,,,,,,,,,,,
10,3,15,15,12,1.309,0.6,,,,,,,,,,,,,,
10,3,16,12,10,150.796,133.333,,,,,,,,,,,,,,
10,4,1,15,12,1.309,166.667,,,,,,,,,,,,,,
10,4,2,12,10,150.796,133.333,,,,,,,,,,,,,,
10,4,3,51,248.284,103.964,0.875,,,,,,,,,,,,,,
10,4,4,12,10,150.796,133.333,,,,,,,,,,,,,,
10,4,5,9,8,176.715,1,,,,,,,,,,,,,,
10,4,6,9,8,176.715,1,,,,,,,,,,,,,,
10,4,7,12,10,150.796,0.75,,,,,,,,,,,,,,
10,5,1,22,168.284,0.976215,0.833333,,,,,,,,,,,,,,
10,5,3,15,12,1.309,166.667,,,,,,,,,,,,,,
10,5,4,6,6,209.439,1.5,,,,,,,,,,,,,,
10,6,1,15,12,1.309,166.667,,,,,,,,,,,,,,
10,6,2,69,382.426,0.592875,1.2,,,,,,,,,,,,,,
10,6,5,9,8,176.715,1,,,,,,,,,,,,,,
11,1,1,26,162.426,123.843,1.2,,,,,,,,,,,,,,
11,1,6,9,8,176.715,1,,,,,,,,,,,,,,
11,1,7,9,8,176.715,1,,,,,,,,,,,,,,
11,1,8,27,168.284,119.808,1.2,,,,,,,,,,,,,,
11,1,9,12,10,150.796,0.75,,,,,,,,,,,,,,
11,1,10,9,8,176.715,1,,,,,,,,,,,,,,
11,1,11,34,196.569,110.576,0.857143,,,,,,,,,,,,,,
11,1,12,46,236.569,103.289,114.286,,,,,,,,,,,,,,
11,1,13,21,16,103.084,0.428571,,,,,,,,,,,,,,
11,1,14,8,8,15.708,0.5,,,,,,,,,,,,,,
11,1,15,9,8,176.715,1,,,,,,,,,,,,,,
11,1,16,44,250.711,0.879664,1,,,,,,,,,,,,,,
11,1,17,19,134.142,132.688,1.25,,,,,,,,,,,,,,
11,1,18,55,250.711,109.958,1,,,,,,,,,,,,,,
11,1,19,39,208.284,11.297,116.667,,,,,,,,,,,,,,
11,1,20,59,278.995,0.952509,1.25,,,,,,,,,,,,,,
11,1,21,56,250.711,111.957,128.571,,,,,,,,,,,,,,
11,1,22,18,128.284,137.447,0.8,,,,,,,,,,,,,,
11,1,23,12,10,150.796,133.333,,,,,,,,,,,,,,
11,1,24,12,10,150.796,133.333,,,,,,,,,,,,,,
11,1,25,18,14,115.405,0.5,,,,,,,,,,,,,,
11,1,26,9,8,176.715,1,,,,,,,,,,,,,,
11,1,27,44,230.711,103.879,114.286,,,,,,,,,,,,,,
11,1,28,6,6,209.439,0.666667,,,,,,,,,,,,,,
11,1,29,67,284.853,103.763,1.25,,,,,,,,,,,,,,
11,1,30,58,324.853,0.69066,0.666667,,,,,,,,,,,,,,
11,1,31,39,208.284,11.297,116.667,,,,,,,,,,,,,,
11,1,32,55,253.137,10.786,1.125,,,,,,,,,,,,,,
11,1,33,6,6,209.439,1.5,,,,,,,,,,,,,,
11,1,34,6,6,209.439,1.5,,,,,,,,,,,,,,
11,2,1,25,188.284,0.88618,3,,,,,,,,,,,,,,
11,2,2,6,6,209.439,1.5,,,,,,,,,,,,,,
11,2,3,53,264.853,0.94946,1.125,,,,,,,,,,,,,,
11,2,4,69,322.426,0.834061,0.727273,,,,,,,,,,,,,,
11,2,5,41,222.426,104.141,1,,,,,,,,,,,,,,
11,2,6,6,6,209.439,0.666667,,,,,,,,,,,,,,
11,2,7,26,182.426,0.981766,1,,,,,,,,,,,,,,
11,2,8,33,228.284,0.795741,1.8,,,,,,,,,,,,,,
11,2,9,45,230.711,10.624,1.5,,,,,,,,,,,,,,
11,2,10,28,188.284,0.992521,1,,,,,,,,,,,,,,
11,2,11,36,20,113.097,1,,,,,,,,,,,,,,
11,2,12,54,270.711,0.925961,1.125,,,,,,,,,,,,,,
11,2,13,33,188.284,116.976,0.714286,,,,,,,,,,,,,,
11,2,14,15,114.142,14.468,1,,,,,,,,,,,,,,
11,2,15,24,16,11.781,0.666667,,,,,,,,,,,,,,
11,2,16,9,8,176.715,1,,,,,,,,,,,,,,
11,2,17,12,10,150.796,133.333,,,,,,,,,,,,,,
11,2,18,9,8,176.715,1,,,,,,,,,,,,,,
11,2,19,12,10,150.796,0.75,,,,,,,,,,,,,,
11,2,20,9,8,176.715,1,,,,,,,,,,,,,,
11,2,21,9,8,176.715,1,,,,,,,,,,,,,,
11,2,23,28,222.426,0.711206,1,,,,,,,,,,,,,,
11,2,25,40,22,103.854,0.625,,,,,,,,,,,,,,
11,2,26,26,176.569,104.799,1,,,,,,,,,,,,,,
11,2,27,9,8,176.715,1,,,,,,,,,,,,,,
11,2,29,47,264.853,0.841974,142.857,,,,,,,,,,,,,,
11,2,30,12,10,150.796,133.333,,,,,,,,,,,,,,
11,2,31,12,10,150.796,0.75,,,,,,,,,,,,,,
11,2,32,41,236.569,0.920619,0.875,,,,,,,,,,,,,,
11,2,33,21,16,103.084,233.333,,,,,,,,,,,,,,
11,2,34,24,156.569,12.303,1.2,,,,,,,,,,,,,,
11,2,35,33,208.284,0.955896,0.857143,,,,,,,,,,,,,,
11,2,36,18,128.284,137.447,0.8,,,,,,,,,,,,,,
11,2,37,57,250.711,113.956,1,,,,,,,,,,,,,,
11,3,1,6,6,209.439,1.5,,,,,,,,,,,,,,
11,3,2,18,14,115.405,2,,,,,,,,,,,,,,
11,3,3,24,16,11.781,0.666667,,,,,,,,,,,,,,
11,3,4,53,270.711,0.908814,0.7,,,,,,,,,,,,,,
11,3,5,39,216.569,104.492,1,,,,,,,,,,,,,,
11,3,6,18,14,115.405,0.5,,,,,,,,,,,,,,
11,3,7,30,18,116.355,1.2,,,,,,,,,,,,,,
11,3,8,36,20,113.097,1,,,,,,,,,,,,,,
11,3,10,20,14,128.228,1.25,,,,,,,,,,,,,,
11,3,11,12,10,150.796,0.75,,,,,,,,,,,,,,
11,3,12,31,208.284,0.897963,0.625,,,,,,,,,,,,,,
11,3,13,9,8,176.715,1,,,,,,,,,,,,,,
11,3,14,43,242.426,0.91943,1.5,,,,,,,,,,,,,,
11,3,15,6,6,209.439,0.666667,,,,,,,,,,,,,,
11,3,16,9,8,176.715,1,,,,,,,,,,,,,,
11,3,17,50,230.711,118.044,114.286,,,,,,,,,,,,,,
11,3,18,56,258.995,10.491,1.125,,,,,,,,,,,,,,
11,3,19,9,8,176.715,1,,,,,,,,,,,,,,
11,3,20,12,10,150.796,0.75,,,,,,,,,,,,,,
11,3,21,9,8,176.715,1,,,,,,,,,,,,,,
11,3,22,27,194.142,0.90019,1,,,,,,,,,,,,,,
11,4,1,6,6,209.439,1.5,,,,,,,,,,,,,,
11,4,2,9,8,176.715,1,,,,,,,,,,,,,,
11,4,3,12,10,150.796,133.333,,,,,,,,,,,,,,
11,4,4,41,244.853,0.859377,0.777778,,,,,,,,,,,,,,
11,4,6,9,8,176.715,1,,,,,,,,,,,,,,
11,5,1,12,10,150.796,0.75,,,,,,,,,,,,,,
11,5,2,24,16,11.781,1.5,,,,,,,,,,,,,,
11,5,3,12,10,150.796,133.333,,,,,,,,,,,,,,
11,6,1,9,8,176.715,1,,,,,,,,,,,,,,
11,6,2,9,8,176.715,1,,,,,,,,,,,,,,
11,6,3,6,6,209.439,0.666667,,,,,,,,,,,,,,
11,6,4,36,256.569,0.687235,0.777778,,,,,,,,,,,,,,
