0,1,1,24,208.284,0.695197,116.667
0,2,2,27,188.284,0.957074,0.714286
0,3,7,12,10,150.796,133.333
0,4,1,9,8,176.715,1
0,4,2,22,154.142,116.356,0.666667
0,4,3,27,174.142,111.883,0.571429
0,5,1,12,10,150.796,133.333
,,,,,,
,,,,,,
,,,,,,
,,,,,,
,,,,,,
,,,,,,
,,,,,,
,,,,,,
,,,,,,
,,,,,,
,,,,,,
,,,,,,
,,,,,,
,,,,,,
,,,,,,
,,,,,,
,,,,,,
,,,,,,
,,,,,,
,,,,,,
,,,,,,
,,,,,,
,,,,,,
,,,,,,
,,,,,,
,,,,,,
,,,,,,
0,5,5,9,8,176.715,1
0,5,6,42,250.711,0.839679,128.571
0,6,1,15,12,1.309,166.667
0,6,2,9,8,176.715,1
0,6,3,9,8,176.715,1
0,6,4,45,222.426,114.301,1
0,7,1,25,176.569,100.768,1
0,7,2,40,214.142,109.614,0.857143
0,7,3,44,228.284,106.099,1
,,,,,,
,,,,,,
1,1,3,6,6,209.439,1.5
1,2,1,9,8,176.715,1
,,,,,,
,,,,,,
1,2,4,45,234.142,103.149,1
1,2,5,6,6,209.439,1.5
1,3,1,12,10,150.796,133.333
1,3,2,9,8,176.715,1
1,3,3,45,236.569,101.044,1.5
,,,,,,
,,,,,,
,,,,,,
1,3,7,28,182.426,105.729,1
1,3,8,27,194.142,0.90019,0.714286
1,3,9,6,6,209.439,0.666667
1,3,10,15,12,1.309,0.6
1,3,11,21,16,103.084,233.333
,,,,,,
,,,,,,
1,4,3,12,10,150.796,133.333
1,5,1,9,8,176.715,1
,,,,,,
,,,,,,
,,,,,,
1,5,5,39,214.142,106.874,0.857143
1,5,6,12,10,150.796,133.333
1,6,1,10,10,125.664,0.4
,,,,,,
,,,,,,
,,,,,,
1,6,5,15,114.142,14.468,1
1,6,6,15,12,1.309,166.667
2,1,1,16,12,139.626,1
2,1,2,9,8,176.715,1
2,1,3,18,14,115.405,0.5
2,1,4,12,10,150.796,0.75
2,1,5,11,941.421,155.968,0.75
2,2,1,24,182.426,0.906245,0.714286
2,2,2,9,8,176.715,1
2,2,3,12,10,150.796,133.333
2,2,4,9,8,176.715,1
2,2,5,9,8,176.715,1
2,3,1,91,392.132,0.743681,0.857143
2,3,2,36,216.569,0.964543,0.75
2,3,3,22,156.569,112.778,0.833333
2,4,1,9,8,176.715,1
2,4,2,58,270.711,0.994551,0.888889
2,4,3,9,8,176.715,1
2,4,4,9,8,176.715,1
2,4,5,6,6,209.439,0.666667
2,5,1,45,222.426,114.301,1
2,5,2,12,10,150.796,0.75
2,5,3,18,134.142,125.705,0.8
2,5,4,9,8,176.715,1
2,5,5,9,8,176.715,1
2,5,6,26,168.284,115.371,1.2
2,5,7,43,222.426,109.221,1
2,6,1,12,10,150.796,133.333
2,6,2,12,10,150.796,0.75
2,6,3,44,224.853,109.362,114.286
2,6,4,6,6,209.439,0.666667
2,6,5,31,188.284,109.886,0.714286
2,6,6,15,12,1.309,0.6
2,6,7,18,134.142,125.705,0.8
,,,,,,
,,,,,,
,,,,,,
3,1,4,15,12,1.309,0.6
3,1,5,9,8,176.715,1
3,1,6,9,8,176.715,1
3,1,7,22,162.426,10.479,0.833333
3,1,8,21,188.284,0.744391,1
3,1,9,32,188.284,113.431,0.714286
3,1,10,6,6,209.439,1.5
3,2,1,9,8,176.715,1
3,2,2,17,148.284,0.971558,1
,,,,,,
3,2,4,53,276.569,0.870723,142.857
3,2,5,9,8,176.715,1
3,2,6,28,182.426,105.729,0.714286
3,3,1,104,420.416,0.739408,115.385
3,3,2,17,128.284,129.811,0.8
,,,,,,
3,3,4,9,8,176.715,1
3,3,5,9,8,176.715,1
3,3,6,44,228.284,106.099,1
3,4,1,9,8,176.715,1
3,4,2,59,253.137,115.705,1.125
,,,,,,
3,4,4,9,8,176.715,1
3,4,5,12,10,150.796,0.75
3,4,6,9,8,176.715,1
3,4,7,35,210.711,0.990615,1
3,4,8,9,8,176.715,1
3,4,9,11,941.421,155.968,133.333
3,5,1,21,154.142,111.067,1.5
3,5,2,61,270.711,104.599,0.888889
3,5,3,9,8,176.715,1
,,,,,,
3,5,5,27,222.426,0.685805,0.75
3,5,6,26,168.284,115.371,0.571429
3,5,7,12,10,150.796,133.333
3,6,1,18,134.142,125.705,1.25
3,6,2,12,10,150.796,133.333
3,6,3,9,8,176.715,1
3,6,4,64,307.279,0.851772,1
,,,,,,
3,6,6,21,154.142,111.067,0.666667
3,6,7,27,174.142,111.883,0.571429
3,6,8,34,194.142,113.357,1
3,6,9,14,108.284,15.004,1
3,6,10,9,8,176.715,1
4,1,1,91,490.711,0.474898,154.545
4,1,2,11,941.421,155.968,133.333
4,1,3,60,284.853,0.929223,1
4,1,4,20,154.142,105.778,233.333
4,1,5,35,194.142,116.691,1
4,1,6,78,330.711,0.896206,0.666667
4,1,7,15,114.142,14.468,1
4,1,8,67,313.137,0.858649,1
4,1,9,45,288.284,0.680425,0.545455
4,1,10,12,10,150.796,133.333
4,1,11,105,406.274,0.799394,107.692
4,1,12,26,208.284,0.753131,116.667
4,1,13,9,8,176.715,1
4,1,14,165,653.553,0.485436,1
4,1,15,9,8,176.715,1
4,1,16,15,12,1.309,0.6
4,1,17,15,12,1.309,166.667
4,1,18,32,182.426,120.833,1
4,1,19,12,10,150.796,133.333
4,1,20,52,236.569,116.761,0.875
4,1,21,117,440.416,0.758,0.933333
4,1,22,24,202.426,0.736015,116.667
4,1,23,38,202.426,116.536,0.857143
4,1,24,9,8,176.715,1
4,1,25,12,10,150.796,133.333
4,1,26,9,8,176.715,1
4,1,27,9,8,176.715,1
4,1,28,28,188.284,0.992521,2
4,1,29,24,174.142,0.99452,0.571429
4,1,30,9,8,176.715,1
4,1,31,9,8,176.715,1
4,1,32,9,8,176.715,1
4,1,33,25,168.284,110.934,1.75
4,1,34,18,14,115.405,2
,,,,,,
,,,,,,
4,1,37,12,10,150.796,133.333
4,1,38,12,10,150.796,0.75
4,1,39,32,208.284,0.92693,116.667
4,1,40,26,162.426,123.843,1.2
4,1,41,12,10,150.796,133.333
4,1,42,34,208.284,0.984863,0.857143
4,1,43,99,41.799,0.712055,0.6875
4,1,44,15,12,1.309,0.6
4,1,45,12,10,150.796,0.75
4,1,46,33,196.569,107.324,0.625
4,1,47,15,12,1.309,0.6
4,1,48,39,242.426,0.833901,0.875
4,1,49,9,8,176.715,1
4,1,50,43,222.426,109.221,133.333
4,1,51,15,12,1.309,0.6
4,1,52,18,14,115.405,2
4,1,53,79,347.279,0.823151,1
4,1,54,28,168.284,124.246,0.833333
4,1,55,9,8,176.715,1
4,1,56,48,322.426,0.580216,111.111
4,1,57,9,8,176.715,1
4,1,58,63,284.853,0.975684,0.8
4,1,59,15,12,1.309,166.667
4,1,60,9,8,176.715,1
4,1,61,59,342.426,0.632306,0.666667
4,1,62,151,585.269,0.553956,123.529
4,1,63,36,20,113.097,1
4,1,64,40,236.569,0.898164,1.5
4,1,65,29,174.142,120.171,0.833333
4,1,66,15,12,1.309,0.6
4,1,67,22,148.284,125.731,1.5
4,1,68,32,202.426,0.981354,0.857143
4,1,69,32,202.426,0.981354,116.667
4,1,70,37,228.284,0.892195,1
4,1,71,12,10,150.796,133.333
4,1,72,39,216.569,104.492,133.333
4,1,73,29,188.284,102.797,1
4,1,74,60,329.706,0.693599,0.833333
4,1,75,8,8,15.708,0.5
4,1,76,75,330.711,0.861737,185.714
4,1,77,18,134.142,125.705,0.8
4,1,78,78,387.279,0.653516,0.714286
4,1,79,110,455.563,0.666047,0.647059
4,1,80,34,194.142,113.357,0.714286
4,1,81,29,188.284,102.797,1.4
4,1,82,15,12,1.309,166.667
4,1,83,20,14,128.228,0.8
4,1,84,9,8,176.715,1
4,1,85,39,250.711,0.779702,0.777778
4,1,86,27,182.426,101.953,1
4,1,87,58,282.426,0.91375,0.545455
4,1,88,48,244.853,10.061,1
4,1,89,26,176.569,104.799,1
4,1,90,33,194.142,110.023,0.714286
4,1,91,33,242.426,0.705609,0.875
4,1,92,52,276.569,0.854295,1.125
4,1,93,12,10,150.796,0.75
4,1,94,6,6,209.439,0.666667
4,1,95,40,230.711,0.944353,0.666667
4,1,96,12,10,150.796,0.75
4,1,97,9,8,176.715,1
4,1,98,19,134.142,132.688,1.25
4,1,99,9,8,176.715,1
4,1,100,24,174.142,0.99452,0.833333
4,1,101,18,134.142,125.705,0.8
4,1,102,15,12,1.309,166.667
4,1,103,49,248.284,0.998867,114.286
4,1,104,9,8,176.715,1
4,1,105,6,6,209.439,0.666667
4,1,106,54,276.569,0.887152,0.888889
4,1,107,6,6,209.439,1.5
4,1,108,6,6,209.439,1.5
4,1,109,6,6,209.439,1.5
4,2,1,12,10,150.796,133.333
4,2,2,6,6,209.439,1.5
4,2,3,12,10,150.796,133.333
4,2,4,29,208.284,0.84003,116.667
4,2,5,9,8,176.715,1
4,2,6,31,176.569,124.952,1
4,2,7,21,16,103.084,0.428571
4,2,8,28,18,108.598,1.75
4,2,9,19,134.142,132.688,1.25
4,2,10,40,224.853,0.994199,114.286
4,2,11,9,8,176.715,1
4,2,12,21,16,103.084,0.428571
4,2,13,12,10,150.796,0.75
4,2,14,41,248.284,0.835786,0.875
4,2,15,9,8,176.715,1
4,2,16,12,10,150.796,133.333
4,2,17,20,14,128.228,1.25
4,2,18,30,18,116.355,1.2
4,2,19,73,367.279,0.680049,155.556
4,2,20,16,12,139.626,1
4,2,21,30,222.426,0.762006,1
4,2,22,15,114.142,14.468,1
4,2,23,12,10,150.796,133.333
4,2,24,9,8,176.715,1
4,2,25,9,8,176.715,1
,,,,,,
4,2,27,20,14,128.228,1.25
4,2,28,15,12,1.309,166.667
4,2,29,15,12,1.309,166.667
4,2,30,15,12,1.309,166.667
4,2,31,8,8,15.708,0.5
4,2,32,18,128.284,137.447,0.8
4,2,33,66,327.279,0.774314,0.75
4,2,34,26,162.426,123.843,1.2
4,2,35,9,8,176.715,1
4,2,36,20,14,128.228,1.25
4,2,37,12,10,150.796,133.333
4,2,38,40,248.284,0.815401,114.286
4,2,39,9,8,176.715,1
4,2,40,23,168.284,102.059,0.571429
4,2,41,23,154.142,121.645,1.5
4,2,42,47,248.284,0.958097,0.875
4,2,43,30,182.426,113.281,1.4
4,2,44,76,341.421,0.819298,1
4,2,45,18,128.284,137.447,0.8
4,2,46,26,168.284,115.371,0.571429
4,3,1,16,128.284,122.175,2
4,3,2,21,16,103.084,0.428571
4,3,3,19,134.142,132.688,0.8
4,3,4,9,8,176.715,1
4,3,5,21,188.284,0.744391,1
4,3,6,29,182.426,109.505,1
4,3,7,33,222.426,0.838207,1
4,3,8,40,282.426,0.630172,1.125
4,3,9,72,330.711,0.827267,122.222
4,3,10,15,114.142,14.468,1
4,3,11,12,10,150.796,0.75
4,3,12,18,134.142,125.705,1.25
4,3,13,23,154.142,121.645,0.666667
4,3,14,28,222.426,0.711206,1
4,3,15,9,8,176.715,1
4,3,16,32,216.569,0.857372,0.75
4,3,17,72,327.279,0.844706,0.909091
4,3,18,28,182.426,105.729,1
4,3,19,19,134.142,132.688,1.25
4,3,20,48,244.853,10.061,1
4,3,21,9,8,176.715,1
4,3,22,33,188.284,116.976,1.4
4,3,23,9,8,176.715,1
4,3,24,15,114.142,14.468,1
4,3,25,23,154.142,121.645,1.5
4,3,26,17,128.284,129.811,0.8
4,3,27,23,168.284,102.059,1.75
4,3,28,33,242.426,0.705609,114.286
4,3,29,63,295.563,0.906252,1
4,3,30,62,307.279,0.825154,1
4,3,31,12,10,150.796,133.333
4,3,32,12,10,150.796,133.333
4,4,1,15,12,1.309,166.667
4,4,2,9,8,176.715,1
4,4,3,34,194.142,113.357,1
4,4,4,55,264.853,0.985288,0.888889
4,4,5,19,134.142,132.688,0.8
4,4,6,36,20,113.097,1
4,4,7,31,188.284,109.886,1.4
4,4,8,15,12,1.309,0.6
4,4,9,18,14,115.405,0.5
4,4,10,30,182.426,113.281,1
4,4,11,15,12,1.309,166.667
4,4,12,12,10,150.796,0.75
4,4,13,34,196.569,110.576,0.857143
4,4,14,30,182.426,113.281,1
4,4,15,16,12,139.626,1
4,4,16,15,12,1.309,166.667
4,4,17,15,12,1.309,0.6
4,4,18,35,216.569,0.93775,0.75
4,4,19,18,128.284,137.447,0.8
4,4,20,15,12,1.309,166.667
4,4,21,48,316.569,0.601888,0.727273
4,4,22,88,378.995,0.769885,0.916667
4,4,23,95,392.132,0.77637,0.857143
4,4,24,9,8,176.715,1
4,4,25,18,14,115.405,0.5
4,4,26,53,298.995,0.745003,0.727273
4,4,27,12,10,150.796,133.333
4,4,28,15,12,1.309,166.667
4,4,29,12,10,150.796,0.75
4,4,30,18,18,0.698132,4.5
4,4,31,6,6,209.439,1.5
4,4,32,6,6,209.439,1.5
4,5,1,15,12,1.309,166.667
4,5,2,9,8,176.715,1
4,5,3,15,12,1.309,0.6
4,5,4,12,10,150.796,0.75
4,5,5,20,168.284,0.887468,0.833333
4,5,6,49,24,106.901,1
4,5,7,42,22,109.047,116.667
4,5,8,123,512.132,0.58932,166.667
4,5,9,18,134.142,125.705,1.25
4,5,10,25,168.284,110.934,1.75
4,5,11,19,148.284,108.586,1.5
4,5,12,22,148.284,125.731,0.666667
4,5,13,35,210.711,0.990615,1
4,5,14,15,12,1.309,0.6
4,5,15,20,168.284,0.887468,1.2
4,5,16,26,168.284,115.371,0.833333
4,5,17,57,282.426,0.897995,142.857
4,5,18,15,12,1.309,0.6
4,5,19,33,190.711,114.018,116.667
4,5,20,12,10,150.796,133.333
4,5,21,35,230.711,0.826309,114.286
4,5,22,9,8,176.715,1
4,5,23,12,10,150.796,133.333
4,5,24,9,8,176.715,1
4,1,1,91,490.711,0.474898,154.545
4,1,2,11,941.421,155.968,133.333
4,1,3,60,284.853,0.929223,1
4,1,4,20,154.142,105.778,233.333
4,1,5,35,194.142,116.691,1
4,1,6,78,330.711,0.896206,0.666667
4,1,7,15,114.142,14.468,1
4,1,8,67,313.137,0.858649,1
4,1,9,45,288.284,0.680425,0.545455
4,1,10,12,10,150.796,133.333
4,1,11,105,406.274,0.799394,107.692
4,1,12,26,208.284,0.753131,116.667
4,1,13,9,8,176.715,1
4,1,14,165,653.553,0.485436,1
4,1,15,9,8,176.715,1
4,1,16,15,12,1.309,0.6
4,1,17,15,12,1.309,166.667
4,1,18,32,182.426,120.833,1
4,1,19,12,10,150.796,133.333
4,1,20,52,236.569,116.761,0.875
4,1,21,117,440.416,0.758,0.933333
4,1,22,24,202.426,0.736015,116.667
4,1,23,38,202.426,116.536,0.857143
4,1,24,9,8,176.715,1
4,1,25,12,10,150.796,133.333
4,1,26,9,8,176.715,1
4,1,27,9,8,176.715,1
4,1,28,28,188.284,0.992521,2
4,1,29,24,174.142,0.99452,0.571429
4,1,30,9,8,176.715,1
4,1,31,9,8,176.715,1
4,1,32,9,8,176.715,1
4,1,33,25,168.284,110.934,1.75
4,1,34,18,14,115.405,2
4,1,35,169,712.132,0.41877,208.333
4,1,36,23,154.142,121.645,1.5
4,1,37,12,10,150.796,133.333
4,1,38,12,10,150.796,0.75
4,1,39,32,208.284,0.92693,116.667
4,1,40,26,162.426,123.843,1.2
4,1,41,12,10,150.796,133.333
4,1,42,34,208.284,0.984863,0.857143
4,1,43,99,41.799,0.712055,0.6875
4,1,44,15,12,1.309,0.6
4,1,45,12,10,150.796,0.75
4,1,46,33,196.569,107.324,0.625
4,1,47,15,12,1.309,0.6
4,1,48,39,242.426,0.833901,0.875
4,1,49,9,8,176.715,1
4,1,50,43,222.426,109.221,133.333
4,1,51,15,12,1.309,0.6
4,1,52,18,14,115.405,2
4,1,53,79,347.279,0.823151,1
4,1,54,28,168.284,124.246,0.833333
4,1,55,9,8,176.715,1
4,1,56,48,322.426,0.580216,111.111
4,1,57,9,8,176.715,1
4,1,58,63,284.853,0.975684,0.8
4,1,59,15,12,1.309,166.667
4,1,60,9,8,176.715,1
4,1,61,59,342.426,0.632306,0.666667
4,1,62,151,585.269,0.553956,123.529
4,1,63,36,20,113.097,1
4,1,64,40,236.569,0.898164,1.5
4,1,65,29,174.142,120.171,0.833333
4,1,66,15,12,1.309,0.6
4,1,67,22,148.284,125.731,1.5
4,1,68,32,202.426,0.981354,0.857143
4,1,69,32,202.426,0.981354,116.667
4,1,70,37,228.284,0.892195,1
4,1,71,12,10,150.796,133.333
4,1,72,39,216.569,104.492,133.333
4,1,73,29,188.284,102.797,1
4,1,74,60,329.706,0.693599,0.833333
4,1,75,8,8,15.708,0.5
4,1,76,75,330.711,0.861737,185.714
4,1,77,18,134.142,125.705,0.8
4,1,78,78,387.279,0.653516,0.714286
4,1,79,110,455.563,0.666047,0.647059
4,1,80,34,194.142,113.357,0.714286
4,1,81,29,188.284,102.797,1.4
4,1,82,15,12,1.309,166.667
4,1,83,20,14,128.228,0.8
4,1,84,9,8,176.715,1
4,1,85,39,250.711,0.779702,0.777778
4,1,86,27,182.426,101.953,1
4,1,87,58,282.426,0.91375,0.545455
4,1,88,48,244.853,10.061,1
4,1,89,26,176.569,104.799,1
4,1,90,33,194.142,110.023,0.714286
4,1,91,33,242.426,0.705609,0.875
4,1,92,52,276.569,0.854295,1.125
4,1,93,12,10,150.796,0.75
4,1,94,6,6,209.439,0.666667
4,1,95,40,230.711,0.944353,0.666667
4,1,96,12,10,150.796,0.75
4,1,97,9,8,176.715,1
4,1,98,19,134.142,132.688,1.25
4,1,99,9,8,176.715,1
4,1,100,24,174.142,0.99452,0.833333
4,1,101,18,134.142,125.705,0.8
4,1,102,15,12,1.309,166.667
4,1,103,49,248.284,0.998867,114.286
4,1,104,9,8,176.715,1
4,1,105,6,6,209.439,0.666667
4,1,106,54,276.569,0.887152,0.888889
4,1,107,6,6,209.439,1.5
4,1,108,6,6,209.439,1.5
4,1,109,6,6,209.439,1.5
4,2,1,12,10,150.796,133.333
4,2,2,6,6,209.439,1.5
4,2,3,12,10,150.796,133.333
4,2,4,29,208.284,0.84003,116.667
4,2,5,9,8,176.715,1
4,2,6,31,176.569,124.952,1
4,2,7,21,16,103.084,0.428571
4,2,8,28,18,108.598,1.75
4,2,9,19,134.142,132.688,1.25
4,2,10,40,224.853,0.994199,114.286
4,2,11,9,8,176.715,1
4,2,12,21,16,103.084,0.428571
4,2,13,12,10,150.796,0.75
4,2,14,41,248.284,0.835786,0.875
4,2,15,9,8,176.715,1
4,2,16,12,10,150.796,133.333
4,2,17,20,14,128.228,1.25
4,2,18,30,18,116.355,1.2
4,2,19,73,367.279,0.680049,155.556
4,2,20,16,12,139.626,1
4,2,21,30,222.426,0.762006,1
4,2,22,15,114.142,14.468,1
4,2,23,12,10,150.796,133.333
4,2,24,9,8,176.715,1
4,2,25,9,8,176.715,1
4,2,26,29,188.284,102.797,1.4
4,2,27,20,14,128.228,1.25
4,2,28,15,12,1.309,166.667
4,2,29,15,12,1.309,166.667
4,2,30,15,12,1.309,166.667
4,2,31,8,8,15.708,0.5
4,2,32,18,128.284,137.447,0.8
4,2,33,66,327.279,0.774314,0.75
4,2,34,26,162.426,123.843,1.2
4,2,35,9,8,176.715,1
4,2,36,20,14,128.228,1.25
4,2,37,12,10,150.796,133.333
4,2,38,40,248.284,0.815401,114.286
4,2,39,9,8,176.715,1
4,2,40,23,168.284,102.059,0.571429
4,2,41,23,154.142,121.645,1.5
4,2,42,47,248.284,0.958097,0.875
4,2,43,30,182.426,113.281,1.4
4,2,44,76,341.421,0.819298,1
4,2,45,18,128.284,137.447,0.8
4,2,46,26,168.284,115.371,0.571429
4,3,1,16,128.284,122.175,2
4,3,2,21,16,103.084,0.428571
4,3,3,19,134.142,132.688,0.8
4,3,4,9,8,176.715,1
4,3,5,21,188.284,0.744391,1
4,3,6,29,182.426,109.505,1
4,3,7,33,222.426,0.838207,1
4,3,8,40,282.426,0.630172,1.125
4,3,9,72,330.711,0.827267,122.222
4,3,10,15,114.142,14.468,1
4,3,11,12,10,150.796,0.75
4,3,12,18,134.142,125.705,1.25
4,3,13,23,154.142,121.645,0.666667
4,3,14,28,222.426,0.711206,1
4,3,15,9,8,176.715,1
4,3,16,32,216.569,0.857372,0.75
4,3,17,72,327.279,0.844706,0.909091
4,3,18,28,182.426,105.729,1
4,3,19,19,134.142,132.688,1.25
4,3,20,48,244.853,10.061,1
4,3,21,9,8,176.715,1
4,3,22,33,188.284,116.976,1.4
4,3,23,9,8,176.715,1
4,3,24,15,114.142,14.468,1
4,3,25,23,154.142,121.645,1.5
4,3,26,17,128.284,129.811,0.8
4,3,27,23,168.284,102.059,1.75
4,3,28,33,242.426,0.705609,114.286
4,3,29,63,295.563,0.906252,1
4,3,30,62,307.279,0.825154,1
4,3,31,12,10,150.796,133.333
4,3,32,12,10,150.796,133.333
4,4,1,15,12,1.309,166.667
4,4,2,9,8,176.715,1
4,4,3,34,194.142,113.357,1
4,4,4,55,264.853,0.985288,0.888889
4,4,5,19,134.142,132.688,0.8
4,4,6,36,20,113.097,1
4,4,7,31,188.284,109.886,1.4
4,4,8,15,12,1.309,0.6
4,4,9,18,14,115.405,0.5
4,4,10,30,182.426,113.281,1
4,4,11,15,12,1.309,166.667
4,4,12,12,10,150.796,0.75
4,4,13,34,196.569,110.576,0.857143
4,4,14,30,182.426,113.281,1
4,4,15,16,12,139.626,1
4,4,16,15,12,1.309,166.667
4,4,17,15,12,1.309,0.6
4,4,18,35,216.569,0.93775,0.75
4,4,19,18,128.284,137.447,0.8
4,4,20,15,12,1.309,166.667
4,4,21,48,316.569,0.601888,0.727273
4,4,22,88,378.995,0.769885,0.916667
4,4,23,95,392.132,0.77637,0.857143
4,4,24,9,8,176.715,1
4,4,25,18,14,115.405,0.5
4,4,26,53,298.995,0.745003,0.727273
4,4,27,12,10,150.796,133.333
4,4,28,15,12,1.309,166.667
4,4,29,12,10,150.796,0.75
4,4,30,18,18,0.698132,4.5
4,4,31,6,6,209.439,1.5
4,4,32,6,6,209.439,1.5
4,5,1,15,12,1.309,166.667
4,5,2,9,8,176.715,1
4,5,3,15,12,1.309,0.6
4,5,4,12,10,150.796,0.75
4,5,5,20,168.284,0.887468,0.833333
4,5,6,49,24,106.901,1
4,5,7,42,22,109.047,116.667
4,5,8,123,512.132,0.58932,166.667
4,5,9,18,134.142,125.705,1.25
4,5,10,25,168.284,110.934,1.75
4,5,11,19,148.284,108.586,1.5
4,5,12,22,148.284,125.731,0.666667
4,5,13,35,210.711,0.990615,1
4,5,14,15,12,1.309,0.6
4,5,15,20,168.284,0.887468,1.2
4,5,16,26,168.284,115.371,0.833333
4,5,17,57,282.426,0.897995,142.857
4,5,18,15,12,1.309,0.6
4,5,19,33,190.711,114.018,116.667
4,5,20,12,10,150.796,133.333
4,5,21,35,230.711,0.826309,114.286
4,5,22,9,8,176.715,1
4,5,23,12,10,150.796,133.333
4,5,24,9,8,176.715,1
5,1,1,8,8,15.708,0.5
5,1,2,17,134.142,118.721,2
5,1,3,6,6,209.439,1.5
5,1,4,27,188.284,0.957074,1
5,1,5,64,356.569,0.632563,1.625
5,1,6,43,288.284,0.650184,0.307692
5,1,7,18,14,115.405,0.5
5,1,8,15,12,1.309,166.667
5,1,9,64,324.853,0.762108,1.5
5,1,10,9,8,176.715,1
5,1,11,12,10,150.796,0.75
5,1,12,9,8,176.715,1
5,1,13,22,148.284,125.731,1.5
5,1,14,72,398.995,0.568339,0.846154
5,1,15,36,20,113.097,1
5,1,16,12,10,150.796,0.75
5,1,17,216,749.706,0.482928,0.708333
5,1,18,15,12,1.309,0.6
5,1,19,30,18,116.355,0.833333
5,1,20,45,236.569,101.044,114.286
5,1,21,36,20,113.097,1
5,1,22,30,214.142,0.822104,116.667
5,1,23,24,168.284,106.496,1.75
5,1,24,35,194.142,116.691,1
5,1,25,42,222.426,106.681,0.75
5,1,26,41,268.284,0.715819,128.571
5,1,27,9,8,176.715,1
5,1,28,9,8,176.715,1
5,1,29,47,273.137,0.791674,1
5,1,30,12,10,150.796,133.333
5,1,31,62,324.853,0.738292,1
5,1,32,29,174.142,120.171,1.2
5,1,33,245,102.912,0.290701,12.069
5,1,34,43,268.284,0.750737,0.777778
5,1,35,47,270.711,0.805929,0.7
5,1,36,9,8,176.715,1
5,1,37,15,12,1.309,0.6
5,1,38,60,268.284,104.754,0.777778
5,1,39,62,282.426,0.976767,0.7
5,1,40,9,8,176.715,1
5,1,41,89,413.137,0.655257,127.273
5,1,42,9,8,176.715,1
5,1,43,31,222.426,0.787406,0.75
5,1,44,67,288.284,101.308,0.7
5,1,45,42,222.426,106.681,1
5,1,46,66,408.284,0.497541,0.533333
5,1,47,46,248.284,0.937712,114.286
5,1,48,24,174.142,0.99452,0.571429
5,1,49,12,10,150.796,0.75
5,1,50,9,8,176.715,1
5,1,51,38,214.142,104.133,1.6
5,1,52,12,10,150.796,133.333
5,1,53,43,236.569,0.965527,114.286
5,1,54,34,194.142,113.357,1.4
5,1,55,32,20,100.531,0.5
5,1,56,116,456.569,0.699288,0.444444
5,1,57,12,10,150.796,133.333
5,1,58,123,555.563,0.500781,244.444
5,1,59,38,214.142,104.133,0.625
5,1,60,58,268.284,101.262,0.777778
5,1,61,9,8,176.715,1
5,1,62,24,18,0.930842,0.375
5,1,63,18,134.142,125.705,0.8
5,1,64,21,16,103.084,0.428571
5,1,65,9,8,176.715,1
5,1,66,30,208.284,0.868997,0.444444
5,1,67,21,154.142,111.067,1.5
5,1,68,18,14,115.405,2
5,1,69,12,10,150.796,133.333
5,1,70,6,6,209.439,0.666667
,,,,,,
5,1,72,112,481.421,0.607264,0.611111
5,1,73,12,10,150.796,133.333
5,1,74,9,8,176.715,1
5,1,75,9,8,176.715,1
5,1,76,12,10,150.796,133.333
5,1,77,51,270.711,0.874519,142.857
5,1,78,90,393.137,0.731753,166.667
5,1,79,15,12,1.309,166.667
5,1,80,6,6,209.439,1.5
5,1,1,8,8,15.708,0.5
5,1,2,17,134.142,118.721,2
5,1,3,6,6,209.439,1.5
5,1,4,27,188.284,0.957074,1
5,1,5,64,356.569,0.632563,1.625
5,1,6,43,288.284,0.650184,0.307692
5,1,7,18,14,115.405,0.5
5,1,8,15,12,1.309,166.667
5,1,9,64,324.853,0.762108,1.5
5,1,10,9,8,176.715,1
5,1,11,12,10,150.796,0.75
5,1,12,9,8,176.715,1
5,1,13,22,148.284,125.731,1.5
5,1,14,72,398.995,0.568339,0.846154
5,1,15,36,20,113.097,1
5,1,16,12,10,150.796,0.75
5,1,17,216,749.706,0.482928,0.708333
5,1,18,15,12,1.309,0.6
5,1,19,30,18,116.355,0.833333
5,1,20,45,236.569,101.044,114.286
5,1,21,36,20,113.097,1
5,1,22,30,214.142,0.822104,116.667
5,1,23,24,168.284,106.496,1.75
5,1,24,35,194.142,116.691,1
5,1,25,42,222.426,106.681,0.75
5,1,26,41,268.284,0.715819,128.571
5,1,27,9,8,176.715,1
5,1,28,9,8,176.715,1
5,1,29,47,273.137,0.791674,1
5,1,30,12,10,150.796,133.333
5,1,31,62,324.853,0.738292,1
5,1,32,29,174.142,120.171,1.2
5,1,33,245,102.912,0.290701,12.069
5,1,34,43,268.284,0.750737,0.777778
5,1,35,47,270.711,0.805929,0.7
5,1,36,9,8,176.715,1
5,1,37,15,12,1.309,0.6
5,1,38,60,268.284,104.754,0.777778
5,1,39,62,282.426,0.976767,0.7
5,1,40,9,8,176.715,1
5,1,41,89,413.137,0.655257,127.273
5,1,42,9,8,176.715,1
5,1,43,31,222.426,0.787406,0.75
5,1,44,67,288.284,101.308,0.7
5,1,45,42,222.426,106.681,1
5,1,46,66,408.284,0.497541,0.533333
5,1,47,46,248.284,0.937712,114.286
5,1,48,24,174.142,0.99452,0.571429
5,1,49,12,10,150.796,0.75
5,1,50,9,8,176.715,1
5,1,51,38,214.142,104.133,1.6
5,1,52,12,10,150.796,133.333
5,1,53,43,236.569,0.965527,114.286
5,1,54,34,194.142,113.357,1.4
5,1,55,32,20,100.531,0.5
5,1,56,116,456.569,0.699288,0.444444
5,1,57,12,10,150.796,133.333
5,1,58,123,555.563,0.500781,244.444
5,1,59,38,214.142,104.133,0.625
5,1,60,58,268.284,101.262,0.777778
5,1,61,9,8,176.715,1
5,1,62,24,18,0.930842,0.375
5,1,63,18,134.142,125.705,0.8
5,1,64,21,16,103.084,0.428571
5,1,65,9,8,176.715,1
5,1,66,30,208.284,0.868997,0.444444
5,1,67,21,154.142,111.067,1.5
5,1,68,18,14,115.405,2
5,1,69,12,10,150.796,133.333
5,1,70,6,6,209.439,0.666667
5,1,71,9,8,176.715,1
5,1,72,112,481.421,0.607264,0.611111
5,1,73,12,10,150.796,133.333
5,1,74,9,8,176.715,1
5,1,75,9,8,176.715,1
5,1,76,12,10,150.796,133.333
5,1,77,51,270.711,0.874519,142.857
5,1,78,90,393.137,0.731753,166.667
5,1,79,15,12,1.309,166.667
5,1,80,6,6,209.439,1.5
6,1,1,20,14,128.228,1.25
6,1,2,30,18,116.355,0.833333
6,1,3,59,284.853,0.913736,0.636364
6,1,4,9,8,176.715,1
6,1,5,49,262.426,0.89411,0.777778
6,1,6,18,14,115.405,2
6,1,7,29,182.426,109.505,0.714286
6,1,8,9,8,176.715,1
6,1,9,30,188.284,106.342,0.714286
6,1,10,9,8,176.715,1
6,1,11,18,14,115.405,0.5
6,1,12,12,10,150.796,0.75
6,1,13,9,8,176.715,1
6,1,14,18,134.142,125.705,0.8
6,1,15,15,12,1.309,166.667
6,1,16,9,8,176.715,1
6,1,17,15,114.142,14.468,1
6,1,18,23,154.142,121.645,0.666667
6,1,19,12,10,150.796,133.333
6,1,20,49,290.711,0.728591,0.8
6,1,21,9,8,176.715,1
6,1,22,9,8,176.715,1
6,1,23,12,10,150.796,133.333
6,1,24,12,10,150.796,133.333
6,1,25,18,14,115.405,0.5
6,1,26,36,234.142,0.825189,0.4
6,1,27,29,176.569,116.891,1
6,1,28,56,276.569,0.92001,0.7
6,1,29,12,10,150.796,0.75
6,1,30,12,10,150.796,133.333
6,1,31,12,10,150.796,133.333
6,1,32,12,10,150.796,0.75
6,1,33,9,8,176.715,1
6,1,34,26,168.284,115.371,0.571429
6,1,35,9,8,176.715,1
6,1,36,9,8,176.715,1
6,1,37,9,8,176.715,1
6,1,38,29,188.284,102.797,1
6,1,39,12,10,150.796,0.75
6,1,40,18,14,115.405,2
6,1,41,20,148.284,114.301,1.5
6,1,42,21,16,103.084,233.333
6,1,43,35,196.569,113.828,116.667
6,1,44,9,8,176.715,1
6,1,45,9,8,176.715,1
6,1,46,42,222.426,106.681,0.75
6,1,47,15,114.142,14.468,1
6,1,48,161,635.563,0.500862,1
6,1,49,15,114.142,14.468,1
6,1,50,6,6,209.439,1.5
6,1,51,6,6,209.439,1.5
6,2,1,34,216.569,0.910957,2.5
6,2,2,6,6,209.439,1.5
6,2,3,9,8,176.715,1
6,2,4,18,128.284,137.447,0.8
6,2,5,9,8,176.715,1
6,2,6,23,148.284,131.446,1
6,2,7,21,16,103.084,233.333
6,2,8,18,14,115.405,2
6,2,9,55,318.995,0.679211,1.5
6,2,10,20,14,128.228,1.25
6,2,11,9,8,176.715,1
6,2,12,30,18,116.355,1.2
6,2,13,27,174.142,111.883,1.75
6,2,14,22,148.284,125.731,1
6,2,15,36,216.569,0.964543,1
6,2,16,15,12,1.309,166.667
6,2,17,24,168.284,106.496,1.75
6,2,18,50,290.711,0.74346,0.8
6,2,19,9,8,176.715,1
6,2,20,36,216.569,0.964543,0.75
6,2,21,23,154.142,121.645,1.5
6,2,22,28,208.284,0.811064,0.857143
6,2,23,15,114.142,14.468,1
6,2,24,27,168.284,119.808,1.2
6,2,25,9,8,176.715,1
6,2,26,9,8,176.715,1
6,2,27,42,228.284,101.276,133.333
6,2,28,12,10,150.796,133.333
6,2,29,29,196.569,0.943148,116.667
6,2,30,57,276.569,0.936438,142.857
6,2,31,71,341.421,0.765397,0.692308
6,2,32,32,20,100.531,0.5
6,2,33,9,8,176.715,1
6,2,34,15,12,1.309,166.667
6,2,35,12,10,150.796,0.75
6,2,36,24,202.426,0.736015,116.667
6,2,37,32,196.569,104.071,116.667
6,2,38,9,8,176.715,1
6,2,39,29,188.284,102.797,0.5
6,2,40,18,14,115.405,2
6,2,41,25,182.426,0.944005,0.714286
6,2,42,45,268.284,0.785655,3
6,3,1,18,168.284,0.798721,1.2
6,3,2,9,8,176.715,1
6,3,3,21,16,103.084,233.333
6,3,4,41,236.569,0.920619,1.5
6,3,5,9,8,176.715,1
6,3,6,9,8,176.715,1
6,3,7,9,8,176.715,1
6,3,8,12,10,150.796,0.75
6,3,9,9,8,176.715,1
6,3,10,12,10,150.796,0.75
6,3,11,32,228.284,0.771628,2.5
6,3,12,9,8,176.715,1
6,3,13,9,8,176.715,1
6,3,14,9,8,176.715,1
6,3,15,12,10,150.796,0.75
6,3,16,12,10,150.796,0.75
6,3,17,9,8,176.715,1
6,3,18,21,168.284,0.931842,1.2
6,3,19,15,12,1.309,166.667
6,3,20,56,278.995,0.904077,0.8
6,3,21,52,256.569,0.992673,1
6,3,22,12,10,150.796,133.333
6,3,23,15,12,1.309,0.6
6,3,24,71,353.137,0.715454,0.692308
6,3,25,45,236.569,101.044,114.286
6,3,26,68,338.995,0.743588,1.1
6,3,27,15,114.142,14.468,1
6,3,28,59,338.995,0.645172,0.75
6,3,29,218,89.598,0.341248,0.514286
6,3,30,9,8,176.715,1
6,3,31,15,12,1.309,0.6
6,3,32,6,6,209.439,0.666667
6,3,33,15,12,1.309,0.6
6,3,34,9,8,176.715,1
6,3,35,18,14,115.405,2
6,3,36,20,14,128.228,1.25
6,3,37,43,236.569,0.965527,114.286
6,3,38,118,483.848,0.633395,0.666667
6,3,39,43,256.569,0.820865,1
6,3,40,87,383.848,0.742012,0.923077
6,3,41,9,8,176.715,1
6,3,42,12,10,150.796,133.333
6,3,43,12,10,150.796,0.75
6,3,44,23,154.142,121.645,0.666667
6,3,45,9,8,176.715,1
6,3,46,19,134.142,132.688,1.25
6,3,47,9,8,176.715,1
6,4,1,12,10,150.796,133.333
6,4,2,12,10,150.796,133.333
6,4,3,42,22,109.047,116.667
6,4,4,15,12,1.309,0.6
6,4,5,15,114.142,14.468,1
6,4,6,15,12,1.309,166.667
6,4,7,9,8,176.715,1
6,4,8,12,10,150.796,0.75
6,4,9,12,10,150.796,133.333
6,4,10,9,8,176.715,1
6,4,11,18,14,115.405,2
6,4,12,12,10,150.796,0.75
6,4,13,15,12,1.309,0.6
6,4,14,9,8,176.715,1
6,4,15,15,12,1.309,0.6
6,4,16,15,12,1.309,0.6
6,4,17,22,148.284,125.731,1.5
6,4,18,39,230.711,0.920744,114.286
6,4,19,15,12,1.309,166.667
6,4,20,20,14,128.228,0.8
6,4,21,9,8,176.715,1
6,4,22,70,313.137,0.897096,1
6,4,23,34,224.853,0.845069,0.666667
6,4,24,39,210.711,110.383,1
6,4,25,19,134.142,132.688,0.8
6,4,26,39,214.142,106.874,0.857143
6,4,27,15,12,1.309,0.6
6,4,28,35,202.426,107.336,1.6
6,4,29,71,335.563,0.792353,0.692308
6,4,30,9,8,176.715,1
6,4,31,12,10,150.796,0.75
6,4,32,27,222.426,0.685805,1
6,4,33,9,8,176.715,1
6,4,34,9,8,176.715,1
6,4,35,18,14,115.405,2
6,4,36,6,6,209.439,0.666667
6,5,1,57,284.853,0.882762,0.8
6,5,2,34,216.569,0.910957,0.555556
6,5,3,9,8,176.715,1
6,5,4,59,264.853,105.695,0.7
6,5,5,83,355.563,0.824999,109.091
6,5,6,15,12,1.309,166.667
6,5,7,9,8,176.715,1
6,5,8,51,270.711,0.874519,0.888889
6,5,9,12,10,150.796,0.75
6,5,10,46,262.426,0.839368,1
6,5,11,21,188.284,0.744391,1
6,5,12,74,335.563,0.825833,1
6,5,13,31,196.569,100.819,0.857143
6,5,14,21,16,103.084,233.333
6,5,15,23,148.284,131.446,1
6,5,16,22,162.426,10.479,0.833333
6,5,17,15,12,1.309,0.6
6,5,18,43,244.853,0.901297,0.6
6,5,19,18,134.142,125.705,0.8
6,5,20,12,10,150.796,133.333
6,5,21,19,134.142,132.688,0.8
7,1,1,6,6,209.439,1.5
7,1,2,6,6,209.439,1.5
7,1,3,32,194.142,106.689,1.4
7,1,4,12,10,150.796,0.75
7,1,5,15,12,1.309,166.667
7,1,6,9,8,176.715,1
7,1,7,74,370.711,0.676661,144.444
7,1,8,46,230.711,108.601,0.875
7,1,9,29,196.569,0.943148,116.667
7,1,10,85,369.706,0.781478,1.4
7,1,11,28,168.284,124.246,1.2
7,1,12,30,216.569,0.803786,1
7,1,13,35,214.142,0.959122,2.25
7,1,14,15,12,1.309,166.667
7,1,15,105,47.799,0.577513,0.764706
7,1,16,41,230.711,0.967962,0.666667
7,1,17,15,12,1.309,0.6
7,1,18,38,216.569,101.813,1
7,1,19,65,290.711,0.966499,1
7,1,20,26,176.569,104.799,1.4
7,1,21,15,12,1.309,0.6
7,1,22,9,8,176.715,1
7,1,23,30,18,116.355,1.2
7,1,24,48,244.853,10.061,0.6
7,1,25,78,336.569,0.865282,0.666667
7,1,26,15,114.142,14.468,1
7,1,27,18,14,115.405,2
7,1,28,9,8,176.715,1
,,,,,,
7,1,30,23,154.142,121.645,1.5
7,1,31,16,12,139.626,1
7,1,32,27,222.426,0.685805,0.75
7,1,33,37,222.426,0.939807,1
7,1,34,42,296.569,0.60008,0.8
7,1,35,33,234.142,0.756423,1
7,1,36,9,8,176.715,1
7,1,37,77,375.563,0.686015,118.182
7,1,38,9,8,176.715,1
7,1,39,27,174.142,111.883,1.75
7,1,40,16,12,139.626,1
7,1,41,12,10,150.796,133.333
7,1,42,18,148.284,102.871,0.666667
7,1,43,44,330.711,0.505552,0.818182
7,1,44,9,8,176.715,1
7,1,45,41,262.426,0.748133,128.571
7,1,46,15,12,1.309,0.6
7,1,47,12,10,150.796,0.75
7,1,48,31,182.426,117.057,1.4
7,1,49,12,10,150.796,0.75
7,1,50,18,14,115.405,2
7,1,51,18,14,115.405,2
7,1,52,18,168.284,0.798721,0.833333
7,1,53,184,63.799,0.568068,176.923
7,1,54,12,10,150.796,133.333
7,1,55,28,168.284,124.246,1.2
7,1,56,15,12,1.309,0.6
7,1,57,9,8,176.715,1
7,1,58,9,8,176.715,1
7,1,59,12,10,150.796,133.333
7,1,60,15,12,1.309,166.667
7,1,61,61,307.279,0.811845,1
7,1,62,34,196.569,110.576,116.667
7,1,63,6,6,209.439,1.5
7,2,1,13,114.142,12.539,166.667
7,2,2,39,202.426,119.602,0.857143
7,2,3,12,10,150.796,0.75
7,2,4,9,8,176.715,1
7,2,5,29,196.569,0.943148,116.667
7,2,6,22,148.284,125.731,0.666667
7,2,7,12,10,150.796,0.75
7,2,8,12,10,150.796,0.75
7,2,9,21,168.284,0.931842,0.833333
7,2,10,19,134.142,132.688,1.25
7,2,11,41,216.569,109.851,0.75
7,2,12,24,18,0.930842,0.375
7,2,13,36,228.284,0.868081,1
7,2,14,21,16,103.084,233.333
7,2,15,27,176.569,10.883,0.714286
7,2,16,15,12,1.309,0.6
7,2,17,33,188.284,116.976,1
7,2,18,61,298.995,0.857456,0.727273
7,2,19,12,10,150.796,133.333
7,2,20,12,10,150.796,133.333
7,2,21,54,284.853,0.836301,1.25
,,,,,,
,,,,,,
7,2,24,15,114.142,14.468,1
,,,,,,
7,2,26,25,162.426,119.079,0.833333
7,2,27,26,168.284,115.371,1.2
7,2,28,65,298.995,0.913683,0.727273
7,2,29,21,16,103.084,233.333
7,2,30,23,154.142,121.645,1.5
7,2,31,9,8,176.715,1
7,2,32,15,12,1.309,0.6
7,2,33,12,10,150.796,133.333
7,2,34,9,8,176.715,1
7,3,1,6,6,209.439,1.5
7,3,2,26,168.284,115.371,0.571429
7,3,3,9,8,176.715,1
7,3,4,15,12,1.309,0.6
7,3,5,24,16,11.781,0.666667
7,3,6,20,14,128.228,0.8
7,3,7,12,10,150.796,0.75
7,3,8,18,134.142,125.705,0.8
7,3,9,9,8,176.715,1
7,3,10,9,8,176.715,1
7,3,11,15,12,1.309,0.6
7,3,12,85,344.853,0.898176,133.333
7,3,13,105,555.563,0.427496,154.545
7,3,14,9,8,176.715,1
7,3,15,9,8,176.715,1
7,3,16,9,8,176.715,1
7,3,17,20,14,128.228,0.8
7,3,18,9,8,176.715,1
7,3,19,32,202.426,0.981354,0.857143
7,3,20,31,194.142,103.355,2
7,3,21,9,8,176.715,1
7,3,22,26,208.284,0.753131,0.857143
7,3,23,9,8,176.715,1
7,3,24,49,276.569,0.805008,0.7
7,3,25,53,276.569,0.870723,0.7
7,3,26,9,8,176.715,1
7,3,27,12,10,150.796,0.75
7,3,28,9,8,176.715,1
7,3,29,22,148.284,125.731,1
7,3,30,24,16,11.781,0.666667
7,3,31,18,14,115.405,2
7,3,32,18,14,115.405,0.5
7,3,33,114,440.416,0.738564,0.8125
7,3,34,12,10,150.796,133.333
7,3,35,9,8,176.715,1
7,3,36,6,6,209.439,1.5
7,4,1,30,184.853,110.326,0.857143
7,4,2,21,16,103.084,0.428571
7,4,3,9,8,176.715,1
7,4,4,12,10,150.796,133.333
7,4,5,27,176.569,10.883,0.714286
7,4,6,9,8,176.715,1
7,4,7,12,10,150.796,0.75
7,4,8,9,8,176.715,1
7,4,9,9,8,176.715,1
7,4,10,12,10,150.796,0.75
7,4,11,23,168.284,102.059,1.2
7,4,12,18,134.142,125.705,1.25
7,4,13,34,210.711,0.962312,0.75
7,4,14,9,8,176.715,1
7,4,15,18,14,115.405,0.5
7,4,16,38,250.711,0.75971,1
7,4,17,12,10,150.796,133.333
7,4,18,9,8,176.715,1
7,4,19,12,10,150.796,133.333
7,4,20,41,256.569,0.782685,1
7,4,21,12,10,150.796,133.333
,,,,,,
7,4,23,13,114.142,12.539,0.6
7,4,24,19,134.142,132.688,0.8
7,4,25,45,236.569,101.044,114.286
7,4,26,15,12,1.309,0.6
7,4,27,49,253.137,0.960936,0.7
7,4,28,12,10,150.796,0.75
7,4,29,12,10,150.796,133.333
7,4,30,21,168.284,0.931842,266.667
7,5,1,19,134.142,132.688,0.8
7,5,2,25,162.426,119.079,0.833333
7,5,3,15,12,1.309,166.667
7,5,4,46,244.853,0.964179,1
7,5,5,50,230.711,118.044,114.286
7,5,6,9,8,176.715,1
7,5,7,18,128.284,137.447,0.8
7,5,8,9,8,176.715,1
7,5,9,12,10,150.796,0.75
7,5,10,34,188.284,12.052,1
,,,,,,
7,5,12,15,12,1.309,0.6
7,5,13,28,196.569,0.910626,0.857143
7,5,14,18,14,115.405,2
7,5,15,14,108.284,15.004,1
7,5,16,25,176.569,100.768,0.714286
7,5,17,12,10,150.796,133.333
7,5,18,61,276.569,100.215,0.7
7,5,19,33,210.711,0.934008,1
7,5,20,12,10,150.796,0.75
7,5,21,6,6,209.439,1.5
7,5,22,10,10,125.664,2.5
8,1,1,6,6,209.439,1.5
8,1,2,33,188.284,116.976,1
8,1,3,47,264.853,0.841974,1.125
8,1,4,12,10,150.796,0.75
8,1,5,69,287.279,105.063,111.111
8,1,6,9,8,176.715,1
8,1,7,64,344.853,0.676273,0.615385
8,1,8,60,342.426,0.643023,185.714
8,1,9,36,202.426,110.402,116.667
8,1,10,6,6,209.439,0.666667
8,1,11,30,216.569,0.803786,133.333
8,1,12,96,398.995,0.757786,0.846154
8,1,13,54,282.426,0.850732,183.333
8,1,14,12,10,150.796,0.75
8,1,15,52,302.426,0.714453,2.6
8,1,16,29,176.569,116.891,1
8,1,17,9,8,176.715,1
8,1,18,15,12,1.309,0.6
8,1,19,15,12,1.309,0.6
8,1,20,49,236.569,110.025,0.875
8,1,21,9,8,176.715,1
8,1,22,12,10,150.796,133.333
8,1,23,22,154.142,116.356,1
8,1,24,12,10,150.796,133.333
8,1,25,56,310.711,0.72893,111.111
8,1,26,12,10,150.796,133.333
8,1,27,12,10,150.796,133.333
8,1,28,22,148.284,125.731,1
8,1,29,21,154.142,111.067,1.5
8,1,30,49,258.995,0.917959,0.7
8,1,31,111,462.426,0.6523,0.368421
8,1,32,20,168.284,0.887468,1.2
8,1,33,12,10,150.796,133.333
8,1,34,38,236.569,0.853256,114.286
8,1,35,30,182.426,113.281,0.714286
8,1,36,18,14,115.405,0.5
8,2,1,12,10,150.796,0.75
8,2,2,9,8,176.715,1
8,2,3,42,236.569,0.943073,114.286
8,2,4,15,12,1.309,166.667
8,2,5,32,248.284,0.652321,2
8,2,6,45,230.711,10.624,114.286
8,2,7,44,238.995,0.968022,0.777778
8,2,8,20,14,128.228,0.8
8,2,9,34,216.569,0.910957,0.75
8,2,10,110,426.274,0.760719,0.75
8,2,11,23,154.142,121.645,0.666667
8,2,12,25,168.284,110.934,1.2
8,2,13,30,216.569,0.803786,0.75
8,2,14,19,148.284,108.586,1
8,2,15,32,194.142,106.689,1
8,2,16,18,134.142,125.705,0.8
8,2,17,100,39.799,0.793352,0.857143
8,2,18,15,12,1.309,166.667
8,2,19,42,222.426,106.681,1
8,2,20,6,6,209.439,1.5
8,3,1,6,6,209.439,1.5
8,3,2,9,8,176.715,1
8,3,3,37,216.569,0.991336,0.75
8,3,4,12,10,150.796,133.333
8,3,5,46,236.569,103.289,1.5
8,3,6,12,10,150.796,0.75
8,3,7,56,298.995,0.787173,111.111
8,3,8,80,392.132,0.653785,1
8,3,9,38,216.569,101.813,1
8,3,10,26,168.284,115.371,1.75
8,3,11,18,14,115.405,2
8,3,12,6,6,209.439,0.666667
8,3,13,43,224.853,106.876,114.286
8,3,14,51,374.142,0.457833,0.166667
8,4,1,12,10,150.796,133.333
8,4,2,36,202.426,110.402,0.857143
8,4,3,18,128.284,137.447,1.25
8,4,4,18,128.284,137.447,0.8
8,4,5,24,188.284,0.850732,1.4
8,4,6,36,202.426,110.402,0.625
8,4,7,130,491.127,0.677276,0.941176
8,4,8,83,375.563,0.739471,118.182
8,4,9,15,12,1.309,166.667
8,5,1,9,8,176.715,1
8,5,2,71,378.995,0.621157,1.875
8,5,3,38,250.711,0.75971,1
8,5,4,58,281.421,0.920288,111.111
8,5,5,141,511.127,0.678221,1
9,1,1,90,38,0.783223,0.4
9,1,2,8,8,15.708,0.5
9,1,3,27,174.142,111.883,1.75
9,1,4,18,14,115.405,2
9,1,5,48,24,10.472,0.75
9,1,6,18,14,115.405,2
,,,,,,
,,,,,,
,,,,,,
9,1,10,26,188.284,0.921627,1.4
9,1,11,18,14,115.405,0.5
9,1,12,30,182.426,113.281,1
9,1,13,9,8,176.715,1
9,1,14,29,196.569,0.943148,116.667
9,2,1,65,298.995,0.913683,111.111
9,2,2,28,168.284,124.246,0.833333
9,2,3,72,328.284,0.839542,1.375
,,,,,,
,,,,,,
9,2,6,12,10,150.796,133.333
9,2,7,18,14,115.405,0.5
9,3,1,9,8,176.715,1
9,3,2,41,230.711,0.967962,114.286
9,3,3,9,8,176.715,1
9,3,4,55,293.137,0.804324,111.111
9,3,5,12,10,150.796,0.75
9,3,6,9,8,176.715,1
9,3,7,9,8,176.715,1
9,3,8,19,134.142,132.688,0.8
9,3,9,9,8,176.715,1
9,3,10,15,12,1.309,166.667
9,3,11,11,941.421,155.968,133.333
9,4,1,6,6,209.439,0.666667
9,4,2,9,8,176.715,1
9,4,3,9,8,176.715,1
9,4,4,12,10,150.796,133.333
9,4,5,42,230.711,0.991571,114.286
9,4,6,9,8,176.715,1
9,5,1,31,222.426,0.787406,0.555556
9,5,2,42,244.853,0.880337,1
9,5,3,9,8,176.715,1
9,5,4,100,424.853,0.696198,0.923077
10,1,1,42,22,109.047,0.857143
10,1,2,25,194.142,0.833509,3
10,1,3,6,6,209.439,1.5
10,1,4,22,154.142,116.356,1.5
10,1,5,39,208.284,11.297,116.667
10,1,6,41,216.569,109.851,1
,,,,,,
,,,,,,
,,,,,,
,,,,,,
10,1,11,9,8,176.715,1
10,1,12,12,10,150.796,133.333
10,1,13,12,10,150.796,0.75
10,1,14,19,134.142,132.688,1.25
10,1,15,44,222.426,111.761,1
10,1,16,30,18,116.355,0.833333
10,1,17,9,8,176.715,1
10,1,18,33,196.569,107.324,0.857143
10,1,19,12,10,150.796,0.75
10,1,20,34,194.142,113.357,1.4
10,1,21,15,12,1.309,166.667
10,1,22,9,8,176.715,1
10,1,23,23,154.142,121.645,1.5
10,1,24,48,244.853,10.061,128.571
10,1,25,42,250.711,0.839679,0.6
10,1,26,9,8,176.715,1
10,1,27,36,202.426,110.402,0.857143
10,1,28,15,12,1.309,0.6
10,1,29,35,202.426,107.336,0.625
10,1,30,12,10,150.796,133.333
10,1,31,30,242.426,0.641462,1.5
10,1,32,38,208.284,110.073,116.667
10,1,33,15,12,1.309,0.6
10,1,34,36,190.711,124.383,0.857143
10,1,35,72,398.995,0.568339,1.875
10,1,36,23,182.426,0.868485,1
10,1,37,9,8,176.715,1
10,1,38,15,12,1.309,0.6
10,1,39,12,10,150.796,0.75
10,1,40,6,6,209.439,1.5
10,2,1,29,182.426,109.505,1
10,2,2,175,603.848,0.603105,1.25
10,2,3,36,204.853,107.802,1
10,2,4,15,12,1.309,166.667
10,2,5,41,222.426,104.141,133.333
10,2,6,9,8,176.715,1
10,2,7,18,14,115.405,2
10,2,8,35,216.569,0.93775,0.555556
10,2,9,9,8,176.715,1
10,2,10,50,296.569,0.714381,1
10,2,11,15,114.142,14.468,1
10,2,12,29,174.142,120.171,1.2
10,2,13,11,941.421,155.968,0.75
,,,,,,
10,2,15,44,236.569,0.987981,0.875
10,2,16,30,182.426,113.281,1.4
10,2,17,59,293.137,0.86282,111.111
10,2,18,6,6,209.439,0.666667
10,2,19,8,8,15.708,2
10,3,1,18,14,115.405,2
10,3,2,12,10,150.796,133.333
10,3,3,12,10,150.796,133.333
10,3,4,31,188.284,109.886,1.4
10,3,5,18,14,115.405,0.5
10,3,6,21,154.142,111.067,1
10,3,7,63,284.853,0.975684,0.8
10,3,8,43,282.426,0.677435,183.333
10,3,9,12,10,150.796,0.75
10,3,10,18,14,115.405,0.5
10,3,11,30,202.426,0.920019,1.6
10,3,12,37,204.853,110.797,133.333
,,,,,,
,,,,,,
10,3,15,15,12,1.309,0.6
10,3,16,12,10,150.796,133.333
10,4,1,15,12,1.309,166.667
10,4,2,12,10,150.796,133.333
10,4,3,51,248.284,103.964,0.875
10,4,4,12,10,150.796,133.333
10,4,5,9,8,176.715,1
10,4,6,9,8,176.715,1
10,4,7,12,10,150.796,0.75
,,,,,,
,,,,,,
10,5,1,22,168.284,0.976215,0.833333
,,,,,,
10,5,3,15,12,1.309,166.667
10,5,4,6,6,209.439,1.5
10,6,1,15,12,1.309,166.667
10,6,2,69,382.426,0.592875,1.2
,,,,,,
,,,,,,
10,6,5,9,8,176.715,1
11,1,1,26,162.426,123.843,1.2
,,,,,,
,,,,,,
,,,,,,
,,,,,,
11,1,6,9,8,176.715,1
11,1,7,9,8,176.715,1
11,1,8,27,168.284,119.808,1.2
11,1,9,12,10,150.796,0.75
11,1,10,9,8,176.715,1
11,1,11,34,196.569,110.576,0.857143
11,1,12,46,236.569,103.289,114.286
11,1,13,21,16,103.084,0.428571
11,1,14,8,8,15.708,0.5
11,1,15,9,8,176.715,1
11,1,16,44,250.711,0.879664,1
11,1,17,19,134.142,132.688,1.25
11,1,18,55,250.711,109.958,1
11,1,19,39,208.284,11.297,116.667
11,1,20,59,278.995,0.952509,1.25
11,1,21,56,250.711,111.957,128.571
11,1,22,18,128.284,137.447,0.8
11,1,23,12,10,150.796,133.333
11,1,24,12,10,150.796,133.333
11,1,25,18,14,115.405,0.5
11,1,26,9,8,176.715,1
11,1,27,44,230.711,103.879,114.286
11,1,28,6,6,209.439,0.666667
11,1,29,67,284.853,103.763,1.25
11,1,30,58,324.853,0.69066,0.666667
11,1,31,39,208.284,11.297,116.667
11,1,32,55,253.137,10.786,1.125
11,1,33,6,6,209.439,1.5
11,1,34,6,6,209.439,1.5
11,2,1,25,188.284,0.88618,3
11,2,2,6,6,209.439,1.5
11,2,3,53,264.853,0.94946,1.125
11,2,4,69,322.426,0.834061,0.727273
11,2,5,41,222.426,104.141,1
11,2,6,6,6,209.439,0.666667
11,2,7,26,182.426,0.981766,1
11,2,8,33,228.284,0.795741,1.8
11,2,9,45,230.711,10.624,1.5
11,2,10,28,188.284,0.992521,1
11,2,11,36,20,113.097,1
11,2,12,54,270.711,0.925961,1.125
11,2,13,33,188.284,116.976,0.714286
11,2,14,15,114.142,14.468,1
11,2,15,24,16,11.781,0.666667
11,2,16,9,8,176.715,1
11,2,17,12,10,150.796,133.333
11,2,18,9,8,176.715,1
11,2,19,12,10,150.796,0.75
11,2,20,9,8,176.715,1
11,2,21,9,8,176.715,1
,,,,,,
11,2,23,28,222.426,0.711206,1
,,,,,,
11,2,25,40,22,103.854,0.625
11,2,26,26,176.569,104.799,1
11,2,27,9,8,176.715,1
,,,,,,
11,2,29,47,264.853,0.841974,142.857
11,2,30,12,10,150.796,133.333
11,2,31,12,10,150.796,0.75
11,2,32,41,236.569,0.920619,0.875
11,2,33,21,16,103.084,233.333
11,2,34,24,156.569,12.303,1.2
11,2,35,33,208.284,0.955896,0.857143
11,2,36,18,128.284,137.447,0.8
11,2,37,57,250.711,113.956,1
11,3,1,6,6,209.439,1.5
11,3,2,18,14,115.405,2
11,3,3,24,16,11.781,0.666667
11,3,4,53,270.711,0.908814,0.7
11,3,5,39,216.569,104.492,1
11,3,6,18,14,115.405,0.5
11,3,7,30,18,116.355,1.2
11,3,8,36,20,113.097,1
,,,,,,
11,3,10,20,14,128.228,1.25
11,3,11,12,10,150.796,0.75
11,3,12,31,208.284,0.897963,0.625
11,3,13,9,8,176.715,1
11,3,14,43,242.426,0.91943,1.5
11,3,15,6,6,209.439,0.666667
11,3,16,9,8,176.715,1
11,3,17,50,230.711,118.044,114.286
11,3,18,56,258.995,10.491,1.125
11,3,19,9,8,176.715,1
11,3,20,12,10,150.796,0.75
11,3,21,9,8,176.715,1
11,3,22,27,194.142,0.90019,1
11,4,1,6,6,209.439,1.5
11,4,2,9,8,176.715,1
11,4,3,12,10,150.796,133.333
11,4,4,41,244.853,0.859377,0.777778
,,,,,,
11,4,6,9,8,176.715,1
11,5,1,12,10,150.796,0.75
11,5,2,24,16,11.781,1.5
11,5,3,12,10,150.796,133.333
,,,,,,
11,6,1,9,8,176.715,1
11,6,2,9,8,176.715,1
11,6,3,6,6,209.439,0.666667
11,6,4,36,256.569,0.687235,0.777778
