Folder,Image,Label,Area,Perimeter,Circularity,Aspect_Ratio,Inertia,Solidity,Eccentricity
0,1,2,119,504.853,0.586715,0.705882,16.6238,0.908397,0.787152
0,1,3,9,8,176.715,1,0.296296,2.24999,0.0000774597
0,1,4,12,10,150.796,0.75,0.541666,2,0.8
0,1,5,12,10,150.796,133.333,0.541666,2,0.8
0,1,6,9,8,176.715,1,0.296296,2.24999,0.0000774597
0,2,1,191,566.274,0.748496,105.882,26.7819,0.976982,0.668055
0,2,3,15,114.142,14.468,1,0.800217,1.7647,0.449734
0,2,4,9,8,176.715,1,0.296296,2.24999,0.0000774597
0,2,5,18,14,115.405,0.5,1.34259,1.8,0.944749
0,2,6,12,10,150.796,0.75,0.541666,2,0.8
0,2,7,9,8,176.715,1,0.296296,2.24999,0.0000774597
0,2,8,12,10,150.796,0.75,0.541666,2,0.8
0,2,9,12,10,150.796,133.333,0.541666,2,0.8
0,3,1,18,128.284,137.447,0.8,1.1459,1.63636,0.672944
0,3,2,9,8,176.715,1,0.296296,2.24999,0.0000774597
0,3,3,38,216.569,101.813,133.333,3.74759,1.33333,0.823344
0,3,4,36,228.284,0.868081,1,3.50112,1.22034,0.583219
0,3,5,12,10,150.796,0.75,0.541666,2,0.8
0,3,6,9,8,176.715,1,0.296296,2.24999,0.0000774597
0,4,4,21,148.284,120.016,1.5,1.53805,1.55555,0.81476
0,4,5,15,12,1.309,166.667,0.888888,1.875,0.904534
0,4,6,84,452.132,0.516367,123.077,21.0993,0.857143,0.908844
0,4,7,56,270.711,0.960256,1.125,5.59931,1.17895,0.601696
0,4,8,40,242.426,0.855283,114.286,3.87922,1.19403,0.506288
0,5,2,9,8,176.715,1,0.296296,2.24999,0.0000774597
0,5,3,9,8,176.715,1,0.296296,2.24999,0.0000774597
0,5,4,47,230.711,110.962,114.286,4.6186,1.30556,0.675757
1,1,1,25,168.284,110.934,1.75,2.12493,1.51515,0.876391
1,1,2,17,128.284,129.811,0.8,1.07647,1.61905,0.772038
1,2,2,12,10,150.796,133.333,0.541666,2,0.8
1,2,3,12,10,150.796,0.75,0.541666,2,0.8
1,3,4,12,10,150.796,0.75,0.541666,2,0.8
1,3,5,19,134.142,132.688,0.8,1.19921,1.65217,0.696279
1,3,6,18,14,115.405,0.5,1.34259,1.8,0.944749
1,4,1,12,10,150.796,133.333,0.541666,2,0.8
1,4,2,18,134.142,125.705,0.8,1.11478,1.63636,0.729903
1,5,2,27,194.142,0.90019,0.5,2.91065,1.45946,0.940463
1,5,3,22,154.142,116.356,0.666667,1.60166,1.57143,0.830688
1,5,4,9,8,176.715,1,0.296296,2.24999,0.0000774597
1,6,2,9,8,176.715,1,0.296296,2.24999,0.0000774597
1,6,3,23,154.142,121.645,0.666667,1.70923,1.58621,0.825816
1,6,4,22,148.284,125.731,1,1.52958,1.57143,0.571312
3,1,1,65,273.137,109.487,1,6.8063,1.21495,0.516029
3,1,2,68,318.995,0.839752,0.666667,8.91787,1.12397,0.873318
3,1,3,81,367.279,0.754575,0.769231,11.1885,1.08,0.827804
3,2,3,95,458.995,0.566654,0.8,13.571,0.875576,0.652044
3,3,3,9,8,176.715,1,0.296296,2.24999,0.0000774597
3,4,3,84,329.706,0.971038,0.833333,10.3167,1.1831,0.798213
3,5,4,50,238.995,110.002,1,5.04209,1.28205,0.71281
3,6,5,30,176.569,120.922,1.4,2.60458,1.42857,0.762538
4,1,35,169,712.132,0.41877,208.333,39.2454,0.791569,0.896757
4,1,36,23,154.142,121.645,1.5,1.70923,1.58621,0.825816
4,2,26,29,188.284,102.797,1.4,2.51971,1.45,0.822077
5,1,71,9,8,176.715,1,0.296296,2.24999,0.0000774597
7,1,29,44,238.995,0.968022,128.571,0.888888,1.875,0.904534
7,2,22,36,210.711,101.892,1,3.2752,1.28571,0.667654
7,2,23,56,342.426,0.600155,0.538462,8.72636,1.02752,0.893174
7,2,25,22,148.284,125.731,1,1.49233,1.51724,0.339039
7,4,22,24,156.569,12.303,1.2,1.91667,1.5,0.786323
7,5,11,33,190.711,114.018,0.857143,3.0355,1.40425,0.788323
9,1,7,12,10,150.796,133.333,0.541666,2,0.8
9,1,8,12,10,150.796,133.333,0.541666,2,0.8
9,1,9,15,114.142,14.468,1,0.800217,1.7647,0.449734
9,2,4,70,344.853,0.739674,0.615385,9.14901,1.08527,0.841719
9,2,5,21,148.284,120.016,1,1.37932,1.5,0.255693
10,1,7,30,228.284,0.723401,2.5,4.38889,1.36364,0.970723
10,1,8,15,114.142,14.468,1,0.800217,1.7647,0.449734
10,1,9,12,10,150.796,133.333,0.541666,2,0.8
10,1,10,68,310.711,0.885129,171.429,8.32542,1.21429,0.865141
10,2,14,41,230.711,0.967962,0.875,3.7433,1.24242,0.54877
10,3,13,40,216.569,107.171,1,3.73027,1.33333,0.587571
10,3,14,22,148.284,125.731,1,1.52958,1.57143,0.571312
10,4,8,31,208.284,0.897963,0.857143,2.86667,1.26531,0.771913
10,4,9,60,262.426,109.483,1,5.92657,1.29032,0.320786
10,5,2,9,8,176.715,1,0.296296,2.24999,0.0000774597
10,6,3,24,16,11.781,0.666667,1.77083,1.6,0.834847
10,6,4,12,10,150.796,0.75,0.541666,2,0.8
11,1,2,15,114.142,14.468,1,0.800217,1.7647,0.449734
11,1,3,17,148.284,0.971558,1,1.27451,1.41667,0.832993
11,1,4,9,8,176.715,1,0.296296,2.24999,0.0000774597
11,1,5,72,318.995,0.889149,1,7.90815,1.13386,0.540553
11,2,22,9,8,176.715,1,0.296296,2.24999,0.0000774597
11,2,24,54,316.569,0.677124,0.583333,6.80051,1.06931,0.850937
11,2,28,26,168.284,115.371,1.75,2.26602,1.52941,0.880819
11,3,9,92,421.421,0.650975,1,13.9437,0.968421,0.861474
11,4,5,54,284.853,0.836301,1,5.46758,1.1134,0.406496
11,5,4,9,8,176.715,1,0.296296,2.24999,0.0000774597
